Country Name,geo,Year,Personnel in adult prison,Personnel in juvenile prison,Police officers,Professional judges
Albania,AL,2008,112.74,0,302.46,
Albania,AL,2009,120.67,2.2,289.79,
Albania,AL,2011,127.66,2.47,343.36,
Albania,AL,2014,124.42,2.62,332.36,12.47
Albania,AL,2015,140.1,2.66,337.62,12.334
Albania,AL,2016,133.05,2.7,367.05,
Albania,AL,2017,133,2.71,370.26,13.8
Albania,AL,2018,147.13,2.72,368.32,12.58
Albania,AL,2019,147.53,2.72,364.52,12.09
Albania,AL,2020,148.39,2.74,381.21,12.72
Albania,AL,2021,149.31,2.51,385.83,13.11
Albania,AL,2022,150.99,2.79,389.03,8.77
Albania,AL,2023,149.22,2.9,347.06,8.87
Austria,AT,2008,47.36,1.11,320.45,27.97
Austria,AT,2009,46.6,1.12,319.41,28.09
Austria,AT,2010,46.94,1.13,329.73,28.11
Austria,AT,2011,46.81,1.1,329.71,28.14
Austria,AT,2012,46.28,1.12,330.24,28.19
Austria,AT,2013,45.77,1.09,328.72,28.27
Austria,AT,2014,46.4,1.15,327.95,4.58
Austria,AT,2015,48.87,1.18,325.65,4.58
Austria,AT,2016,48.12,1.16,332.35,4.54
Austria,AT,2017,46.17,1.27,333.79,4.48
Austria,AT,2018,47.67,1.24,342.77,4.4
Austria,AT,2019,48.23,1.35,352.1,4.45
Austria,AT,2020,48.06,1.42,358.36,4.43
Austria,AT,2021,48.73,1.4,359.76,4.39
Austria,AT,2022,49.99,1.33,356.03,4.32
Austria,AT,2023,49.28,1.27,351.41,4.35
Belgium,BE,2008,75.81,1.11,361.69,
Belgium,BE,2009,76.79,1.38,371.29,
Belgium,BE,2010,75.01,2.01,368.31,22.69
Belgium,BE,2011,76.32,1.98,344.03,22.2
Belgium,BE,2012,75.12,2.01,345.6,22.1
Belgium,BE,2013,77.14,1.93,345.22,21.73
Belgium,BE,2014,,,338.68,22.23
Belgium,BE,2015,77.65,0,336.06,21.85
Belgium,BE,2016,,,333.23,
Belgium,BE,2017,,,335.21,14.24
Belgium,BE,2018,,,362.94,13.9
Belgium,BE,2019,,,335.6,13.8
Belgium,BE,2020,,,336.99,13.39
Belgium,BE,2021,,,335.72,
Belgium,BE,2022,,,338.29,
Belgium,BE,2023,,,335.87,
Bosnia and Herzegovina,BA,2008,,,,25.42
Bosnia and Herzegovina,BA,2009,,,,25.03
Bosnia and Herzegovina,BA,2010,46.75,0.42,432.88,27.34
Bosnia and Herzegovina,BA,2011,46.97,0.52,437.87,27.84
Bosnia and Herzegovina,BA,2012,,,435.58,28.26
Bulgaria,BG,2008,36.03,1.82,449.59,
Bulgaria,BG,2009,36.28,1.83,411.23,
Bulgaria,BG,2010,35.92,1.72,396.66,
Bulgaria,BG,2011,36.16,1.67,398.38,
Bulgaria,BG,2012,36.25,1.68,384.42,
Bulgaria,BG,2013,36.67,1.69,367.52,30.04
Bulgaria,BG,2014,37.62,1.16,388.8,30.38
Bulgaria,BG,2015,34.36,1.17,311.92,30.89
Bulgaria,BG,2016,36.78,0.18,425.43,31.52
Bulgaria,BG,2017,37.05,0.18,398.47,31.47
Bulgaria,BG,2018,38.98,0.18,407.69,31.53
Bulgaria,BG,2019,37.79,0.19,410.98,31.64
Bulgaria,BG,2020,39.99,0.17,419.62,31.43
Bulgaria,BG,2021,39.8,0.19,420.98,31.69
Bulgaria,BG,2022,40.15,0.18,444.27,33.75
Bulgaria,BG,2023,41.1,0.17,451.63,34.65
Croatia,HR,2008,56.98,3.46,459.72,43.67
Croatia,HR,2009,60.23,3.46,468.79,43.76
Croatia,HR,2010,59.54,2.88,484.47,43.85
Croatia,HR,2011,59.63,2.35,492.65,44.85
Croatia,HR,2012,59.85,2.17,499.04,45.18
Croatia,HR,2013,64.66,2.32,486.77,44.86
Croatia,HR,2014,63.44,2.14,484.18,44.81
Croatia,HR,2015,62.46,2.41,489.6,44.47
Croatia,HR,2016,62.59,,487.58,43.67
Croatia,HR,2017,60.73,2.07,493.38,43.04
Croatia,HR,2018,61.48,2.12,492,42.67
Croatia,HR,2019,61.87,2.09,498.79,42
Croatia,HR,2020,61.04,2,507.03,41.27
Croatia,HR,2021,61.57,2.16,513.53,41.62
Croatia,HR,2022,65.3,2.25,536.29,42.77
Croatia,HR,2023,64.3,2.29,528.01,43.26
Cyprus,CY,2008,50.11,,690.43,12.75
Cyprus,CY,2009,55.34,,671.7,12.17
Cyprus,CY,2010,53.71,,650.44,12.7
Cyprus,CY,2011,50.85,,632.45,11.91
Cyprus,CY,2012,50.81,,610.55,11.83
Cyprus,CY,2013,48.16,,579.64,11.9
Cyprus,CY,2014,47.55,,578.9,11.77
Cyprus,CY,2015,45.93,,581.1,13.34
Cyprus,CY,2016,,,572.9,13.08
Cyprus,CY,2017,,,585.05,13.92
Cyprus,CY,2018,,,570.1,13.65
Cyprus,CY,2019,,,562.51,6.96
Cyprus,CY,2020,,,548.2,7.55
Cyprus,CY,2021,,,546.76,7.14
Cyprus,CY,2022,43.44,,555.76,7.74
Cyprus,CY,2023,,,565.91,7.48
Czechia,CZ,2008,101.07,,413.28,29.43
Czechia,CZ,2009,102.65,,418.63,29.05
Czechia,CZ,2010,99.86,,394.03,29.28
Czechia,CZ,2011,100.82,,372.25,29.07
Czechia,CZ,2012,104.36,,365.17,29.08
Czechia,CZ,2013,100.87,,368.52,7.38
Czechia,CZ,2014,101.53,,374.64,7.25
Czechia,CZ,2015,103.51,,373.69,7.25
Czechia,CZ,2016,103.14,,378.46,7.14
Czechia,CZ,2017,104.46,,380.7,7.21
Czechia,CZ,2018,106.79,,377.38,7.17
Czechia,CZ,2019,,,378.31,7.14
Czechia,CZ,2020,105.84,,375.1,7.07
Czechia,CZ,2021,104.84,,384.19,7.2
Czechia,CZ,2022,103.05,,381.09,7.07
Czechia,CZ,2023,100.42,,363.02,6.87
Denmark,DK,2008,225.58,,196.14,14.19
Denmark,DK,2009,268.5,,196.77,15.3
Denmark,DK,2010,299.38,,200.26,15.85
Denmark,DK,2011,300.63,,195.45,14.69
Denmark,DK,2012,295.33,,193.48,14.89
Denmark,DK,2013,88.35,,191.84,14.08
Denmark,DK,2014,65.93,,188.25,13.81
Denmark,DK,2015,60.07,0,186.1,13.55
Denmark,DK,2016,57.52,,186.15,13.4
Denmark,DK,2017,54.92,,188.27,13.2
Denmark,DK,2018,51.82,,191.14,12.35
Denmark,DK,2019,49.55,,192.44,10.4
Denmark,DK,2020,48,,194.07,10.91
Denmark,DK,2021,47.84,,195.27,11.08
Denmark,DK,2022,46.72,,193.48,11.34
Denmark,DK,2023,46.25,,192.53,11.29
England and Wales,UKC-L,2008,93.82,1.98,263.24,
England and Wales,UKC-L,2009,84.41,1.58,261.15,
England and Wales,UKC-L,2010,81.17,1.98,250.81,
England and Wales,UKC-L,2011,75.38,1.95,239.75,10.07
England and Wales,UKC-L,2012,70.96,1.92,229.88,9.88
England and Wales,UKC-L,2013,54.43,8.14,225.36,9.7
England and Wales,UKC-L,2014,55.89,2.78,222.46,9.17
England and Wales,UKC-L,2015,54.47,2.21,215.13,8.84
England and Wales,UKC-L,2016,53.48,2.12,211.78,8.46
Estonia,EE,2008,147.71,0,240.43,17.71
Estonia,EE,2009,,0,238.29,17.29
Estonia,EE,2010,124.5,,341.41,16.8
Estonia,EE,2011,127.63,,337.23,16.62
Estonia,EE,2012,,,333.83,17.2
Estonia,EE,2013,125.44,,319.65,17.12
Estonia,EE,2014,120,,310.76,17.48
Estonia,EE,2015,119.63,,297.82,17.8
Estonia,EE,2016,93.39,,298.57,16.34
Estonia,EE,2017,92.05,,296.05,17.48
Estonia,EE,2018,92.03,,295.12,17.89
Estonia,EE,2019,90.8,,301.4,17.66
Estonia,EE,2020,91.05,,306.25,18.21
Estonia,EE,2021,86.69,,295.7,18.65
Estonia,EE,2022,90.18,,289.16,18.4
Estonia,EE,2023,,,,18.01
Finland,FI,2008,52.47,,153.74,17.38
Finland,FI,2009,51.46,,154.85,17.65
Finland,FI,2010,50.21,,151.4,18.07
Finland,FI,2011,48.85,,151.08,18.03
Finland,FI,2012,48.06,,147.69,18.03
Finland,FI,2013,44.89,,141.52,18.17
Finland,FI,2014,44.06,,140.63,18.12
Finland,FI,2015,42.69,,140.56,18.11
Finland,FI,2016,37.87,,137.21,19.46
Finland,FI,2017,37.85,,132.04,18.99
Finland,FI,2018,37.86,,132.72,19.61
Finland,FI,2019,37.42,,133.51,19.7
Finland,FI,2020,37.41,,136.97,20.14
Finland,FI,2021,38.53,,136.8,18.61
Finland,FI,2022,38.08,,137.49,18.49
Finland,FI,2023,38.28,,139.45,18.96
France,FR,2008,40.81,0.51,303.31,9.2
France,FR,2009,40.13,0.72,297.09,9.22
France,FR,2010,,,290.49,9.17
France,FR,2011,,,284.06,9.02
France,FR,2012,,,284.15,8.97
France,FR,2013,42.81,0.7,366.6,8.85
France,FR,2014,42.51,0.69,316.9,8.6
France,FR,2015,42,0.67,322.7,8.6
France,FR,2016,,,320.48,
France,FR,2017,,,322.22,10.58
France,FR,2018,56.89,0.65,322.18,10.86
France,FR,2019,59.03,0.67,357.02,11.06
France,FR,2020,60.65,0.68,358.97,11.19
France,FR,2021,60.17,0.68,359.99,11.43
France,FR,2022,60.79,0.72,,11.28
France,FR,2023,60.88,0.67,,11.52
Germany,DE,2008,45.22,,301.17,24.45
Germany,DE,2009,44.74,,299.69,
Germany,DE,2010,45,,297.82,24.95
Germany,DE,2011,44.63,,303.16,
Germany,DE,2012,45.1,,303.73,25.37
Germany,DE,2013,45.27,,304.35,
Germany,DE,2014,44.96,,302.89,25.14
Germany,DE,2015,44.15,,301.69,
Germany,DE,2016,43.77,,297.31,25.24
Germany,DE,2017,43.97,,298.88,
Germany,DE,2018,43.98,,295.68,25.77
Germany,DE,2019,44.26,,297.6,
Germany,DE,2020,44.68,,301.27,26.38
Germany,DE,2021,45.14,,306.83,
Germany,DE,2022,45.12,,311.06,26.44
Germany,DE,2023,,,316.98,
Greece,EL,2008,38.44,2.55,354.5,33.31
Greece,EL,2009,,,507.74,33.58
Greece,EL,2010,,,481.12,33.02
Greece,EL,2011,,,496.41,32.79
Greece,EL,2012,,,493.01,34.33
Greece,EL,2013,,,485.67,35.49
Greece,EL,2014,41.23,,477.77,36.51
Greece,EL,2015,41.42,0.53,485.18,37.95
Greece,EL,2016,41.37,0.54,489.75,40.06
Greece,EL,2017,41.3,0.51,493.96,40.2
Greece,EL,2018,42.22,0.45,494.97,40.49
Greece,EL,2019,40.19,0.43,507.52,40.59
Greece,EL,2020,40.08,0.39,524.74,29.02
Greece,EL,2021,39.71,0.39,520.38,28.28
Greece,EL,2022,40.66,0.43,533.67,25.79
Greece,EL,2023,43.88,0.46,543,25.97
Hungary,HU,2008,72.51,6.54,335.65,28.11
Hungary,HU,2009,71.16,6.43,333.47,29.1
Hungary,HU,2010,73.87,4.25,344.35,29.14
Hungary,HU,2011,73.59,4.24,365.55,28.93
Hungary,HU,2012,75.33,4.43,366.76,28.02
Hungary,HU,2013,72.85,3.99,367.69,28.56
Hungary,HU,2014,73.54,4.17,373.45,28.74
Hungary,HU,2015,73.7,4.18,377.87,28.82
Hungary,HU,2016,76.34,4.37,391.77,
Hungary,HU,2017,81.32,4.55,406.36,29.21
Hungary,HU,2018,78.46,4.14,403.17,29.99
Hungary,HU,2019,80.77,4.15,386.19,29.94
Hungary,HU,2020,92.44,4.19,384.45,28.96
Hungary,HU,2021,92.43,4.19,378.94,28.21
Hungary,HU,2022,91.71,4.18,378.12,28.02
Hungary,HU,2023,96.26,4.18,377.29,28.04
Iceland,IS,2008,29.48,,259.62,
Iceland,IS,2009,30.06,,261.14,
Iceland,IS,2010,,,208.73,
Iceland,IS,2011,,,202.23,
Iceland,IS,2012,31.6,,203.4,
Iceland,IS,2013,32.31,,202.57,13.36
Iceland,IS,2014,35.93,,190.99,14.43
Iceland,IS,2015,34.34,,198.72,14.28
Iceland,IS,2016,32.78,,194.27,12.63
Iceland,IS,2017,33.4,,185.61,15.07
Iceland,IS,2018,32.14,,175.92,18.65
Iceland,IS,2019,31.93,,196.64,18.21
Iceland,IS,2020,30.76,,192.51,17.58
Iceland,IS,2021,32.54,,196.05,17.08
Iceland,IS,2022,35.88,,207.58,17.01
Iceland,IS,2023,35.85,,201.93,16.51
Ireland,IE,2008,73.6,5.27,323.28,
Ireland,IE,2009,71.33,4.8,321.74,
Ireland,IE,2010,68.25,4.51,316.02,3.23
Ireland,IE,2011,72.41,,303.97,3.04
Ireland,IE,2012,74.91,,292.93,3.14
Ireland,IE,2013,74.75,,285.18,3.22
Ireland,IE,2014,73.39,,277.91,3.5
Ireland,IE,2015,71.46,,,3.48
Ireland,IE,2018,64.55,,345.6,3.31
Ireland,IE,2019,65.76,5.44,359.71,3.41
Ireland,IE,2020,69.57,5.5,362.82,3.36
Ireland,IE,2021,65.06,5.29,352.03,3.4
Ireland,IE,2022,64.58,4.96,342.51,3.43
Ireland,IE,2023,67.91,4.7,334.69,3.66
Italy,IT,2008,78.63,2.19,383.74,
Italy,IT,2009,77.6,2.11,497.61,
Italy,IT,2010,76.36,2.1,466.73,11.24
Italy,IT,2011,75.09,2.05,469.07,
Italy,IT,2012,75.83,2.01,465.95,10.69
Italy,IT,2013,74.69,1.91,463.29,11.36
Italy,IT,2014,72.26,1.86,,11.42
Italy,IT,2015,71.27,1.85,449.61,10.68
Italy,IT,2016,67.77,1.83,452.73,10.5
Italy,IT,2017,66.91,1.83,,10.74
Italy,IT,2018,66.14,1.96,,10.97
Italy,IT,2019,67.43,1.96,413.59,11.26
Italy,IT,2020,66.76,2.19,398.9,17.36
Italy,IT,2021,65.77,2.15,,17.25
Italy,IT,2022,66.1,2.13,,17.39
Italy,IT,2023,65.66,2.1,,16.91
Kosovo*,XK,2008,,,325.39,13.75
Kosovo*,XK,2009,,,332.01,12.89
Kosovo*,XK,2010,,,327.61,11.14
Kosovo*,XK,2011,24.02,0.84,401.58,14.1
Kosovo*,XK,2016,34.77,1.69,439.32,18.63
Kosovo*,XK,2017,,,490.71,
Kosovo*,XK,2018,30.36,4.23,480.01,21.91
Kosovo*,XK,2019,35.31,4.23,518.97,23.33
Kosovo*,XK,2020,35.13,4.26,457.66,
Latvia,LV,2008,136.55,20.3,408.75,18.84
Latvia,LV,2009,131.31,9.71,448.21,19.79
Latvia,LV,2010,135.63,8.35,458.62,19.95
Latvia,LV,2011,,,,20.29
Latvia,LV,2012,114.83,4.69,420.33,21.27
Latvia,LV,2013,124.96,4.94,405.12,21.25
Latvia,LV,2014,123.06,4.9,458.46,21.48
Latvia,LV,2015,126.88,4.78,458.19,19.23
Latvia,LV,2016,130.27,4.77,428.6,19.55
Latvia,LV,2017,126.56,4.72,425.82,20.1
Latvia,LV,2018,122.16,4.5,244.73,23.94
Latvia,LV,2019,103.75,4.69,234.59,21.88
Latvia,LV,2020,103.06,4.61,233.48,25.58
Latvia,LV,2021,99.46,3.91,232.41,28.79
Latvia,LV,2022,95.48,3.63,224.18,28.31
Latvia,LV,2023,95.54,3.66,215.35,27.88
Liechtenstein,LI,2008,16.97,0,234.76,195.16
Liechtenstein,LI,2009,44.96,0,252.89,168.59
Liechtenstein,LI,2010,44.58,0,247.95,167.16
Liechtenstein,LI,2011,44.26,0,248.97,168.75
Liechtenstein,LI,2012,43.87,0,233.04,186.43
Liechtenstein,LI,2013,43.43,0,230.74,184.59
Liechtenstein,LI,2014,43.09,0,223.54,161.6
Liechtenstein,LI,2015,42.82,0,307.77,
Liechtenstein,LI,2016,42.53,0,318.96,138.22
Liechtenstein,LI,2017,42.32,,312.09,
Liechtenstein,LI,2018,41.98,,314.84,133.81
Liechtenstein,LI,2019,41.69,,323.1,70.35
Liechtenstein,LI,2020,41.29,,325.19,72.26
Liechtenstein,LI,2021,,,322.62,71.69
Liechtenstein,LI,2022,,,323.09,71.23
Liechtenstein,LI,2023,,,320.08,80.65
Lithuania,LT,2008,98.99,6.13,342.96,23.75
Lithuania,LT,2009,136.08,6,344.14,23.78
Lithuania,LT,2010,95.58,5.98,341.76,24.7
Lithuania,LT,2011,95.62,6.16,325.17,25.36
Lithuania,LT,2012,96.08,5.89,317.28,25.6
Lithuania,LT,2013,99.33,6.09,316.83,25.94
Lithuania,LT,2014,100.39,5.91,322.2,25.65
Lithuania,LT,2015,100.88,5.65,305.18,26.08
Lithuania,LT,2016,97.11,4.88,290.18,26.93
Lithuania,LT,2017,99.02,4.85,289.02,27
Lithuania,LT,2018,103.07,4.77,293.6,27.02
Lithuania,LT,2019,94.2,4.51,285.77,26.66
Lithuania,LT,2020,94.56,4.01,280.91,27.24
Lithuania,LT,2021,95.22,,275.53,25.79
Lithuania,LT,2022,80.97,,268.64,26.48
Lithuania,LT,2023,72.76,,262.31,24.81
Luxembourg,LU,2008,87.02,,321.41,
Luxembourg,LU,2009,81.66,,324.82,
Luxembourg,LU,2010,82.26,,329.64,
Luxembourg,LU,2011,81.28,,332.92,
Luxembourg,LU,2012,,,330.76,
Luxembourg,LU,2013,75.41,,328.1,
Luxembourg,LU,2014,74.04,,323.82,
Luxembourg,LU,2015,76.03,,311.21,42.81
Luxembourg,LU,2016,76.36,1.21,310.28,32.45
Luxembourg,LU,2017,78.89,,309.31,24.04
Luxembourg,LU,2018,,,329.23,36.05
Luxembourg,LU,2019,,,319.76,36
Luxembourg,LU,2020,82.89,,325.66,35.78
Luxembourg,LU,2021,,,350.39,35.45
Luxembourg,LU,2022,121.63,0,366.6,35.17
Luxembourg,LU,2023,129.99,0,470.79,35.11
Malta,MT,2008,52.23,2.94,461.95,
Malta,MT,2009,63.03,2.68,449.47,
Malta,MT,2010,47.58,2.17,463.25,
Malta,MT,2011,46.03,1.69,463.39,
Malta,MT,2012,43.11,1.68,455.52,
Malta,MT,2013,40.82,2.85,460.88,9.97
Malta,MT,2014,43.78,3.26,506.6,9.64
Malta,MT,2015,55.49,3.18,491.71,10.02
Malta,MT,2016,63.72,3.33,487.11,10.36
Malta,MT,2017,72.34,3.26,492.94,9.34
Malta,MT,2018,67.9,2.1,481.18,9.25
Malta,MT,2019,58.15,2.63,462.15,8.71
Malta,MT,2020,70.74,2.92,435.9,8.36
Malta,MT,2021,76.73,3.29,417.55,9.11
Malta,MT,2022,91.32,2.88,407.75,9.04
Malta,MT,2023,85.05,2.58,392.03,9.59
Montenegro,ME,2008,73.92,2.44,801.24,
Montenegro,ME,2009,78.75,,,41.16
Montenegro,ME,2010,83.36,,697.25,42
Montenegro,ME,2011,81.31,,665.32,40.82
Montenegro,ME,2012,80.93,,678.7,42.4
Montenegro,ME,2013,77.47,,667.75,41.39
Montenegro,ME,2014,77.87,,684.61,40.87
Montenegro,ME,2015,72.98,,645.4,53.05
Montenegro,ME,2016,78.11,,635.15,51.11
Montenegro,ME,2017,78.73,,657.63,50.29
Montenegro,ME,2018,83.23,0,659.59,49.81
Montenegro,ME,2019,81.65,0,716.03,49.34
Montenegro,ME,2020,81.69,0,730.86,49.69
Montenegro,ME,2021,82.97,0,677.74,43.17
Montenegro,ME,2022,79.17,0,638.35,42.9
Montenegro,ME,2023,71.67,0,608.08,43.94
Netherlands,NL,2008,,,216.17,
Netherlands,NL,2009,66.87,,300.85,14.67
Netherlands,NL,2010,65.06,,300.12,15.1
Netherlands,NL,2011,68.37,,303.72,14.7
Netherlands,NL,2012,66.47,,308.13,14.36
Netherlands,NL,2013,,,307.5,14.17
Netherlands,NL,2014,,,305.67,14.02
Netherlands,NL,2015,,,298.85,13.95
Netherlands,NL,2016,,,298.88,13.73
Netherlands,NL,2017,57.11,3.57,294.56,14.64
Netherlands,NL,2018,59.65,3.63,293.28,14.49
Netherlands,NL,2019,62.31,3.64,291.64,14.4
Netherlands,NL,2020,65.98,3.89,290.84,14.72
Netherlands,NL,2021,71.03,3.85,295.5,14.93
Netherlands,NL,2022,69.47,4.14,291.19,14.99
Netherlands,NL,2023,70.11,4.55,286,14.94
North Macedonia,MK,2008,36.57,3.42,,
North Macedonia,MK,2009,37.83,3.86,,
North Macedonia,MK,2010,37.46,3.65,,
North Macedonia,MK,2011,37.14,3.65,,
North Macedonia,MK,2012,,,553.99,
North Macedonia,MK,2013,,,449.79,
North Macedonia,MK,2014,,,450.49,
North Macedonia,MK,2015,,,467.48,
North Macedonia,MK,2016,,,463.14,
North Macedonia,MK,2017,,,470.7,
North Macedonia,MK,2019,,,,24.36
North Macedonia,MK,2020,,,,24.23
North Macedonia,MK,2021,,,,23.35
North Macedonia,MK,2022,,,,22.26
North Macedonia,MK,2023,,,,21.8
Northern Ireland (UK) (NUTS 2021),UKN,2008,99.02,29.2,492.72,
Northern Ireland (UK) (NUTS 2021),UKN,2009,100.27,28.83,470.05,
Northern Ireland (UK) (NUTS 2021),UKN,2010,97.78,0,453.52,
Northern Ireland (UK) (NUTS 2021),UKN,2011,118.43,0,434.09,
Northern Ireland (UK) (NUTS 2021),UKN,2012,98.46,0,415.52,
Northern Ireland (UK) (NUTS 2021),UKN,2013,105.11,0,401.33,7.23
Northern Ireland (UK) (NUTS 2021),UKN,2014,99.44,0,372.75,7.62
Northern Ireland (UK) (NUTS 2021),UKN,2015,91.71,0,369.78,7.53
Northern Ireland (UK) (NUTS 2021),UKN,2016,78.07,0,364.18,
Northern Ireland (UK) (NUTS 2021),UKN,2017,,,360.33,
Norway,NO,2008,64.51,,158.43,15.68
Norway,NO,2009,65.65,,159.34,15.4
Norway,NO,2010,70.36,,158.17,15.46
Norway,NO,2011,69.59,,158.1,15.24
Norway,NO,2012,68.45,,159.27,15.04
Norway,NO,2013,87.28,,163.29,14.43
Norway,NO,2014,90,,168.42,14.45
Norway,NO,2016,90.56,,,16.33
Norway,NO,2017,90.66,,,15.97
Norway,NO,2018,90.58,,,15.98
Norway,NO,2019,88.59,,,15.78
Poland,PL,2008,77.31,6.46,264.04,23.77
Poland,PL,2009,79.69,6.53,259.48,25.99
Poland,PL,2010,79.98,5.85,256.52,26.11
Poland,PL,2011,79.98,6.51,256.09,26.07
Poland,PL,2012,80.06,6.05,253.05,26.11
Poland,PL,2013,80.16,5.99,256.85,26.08
Poland,PL,2014,45.26,40.46,260.04,26.22
Poland,PL,2015,44.53,39.97,260.2,26.22
Poland,PL,2016,44.55,40.59,263.35,26.07
Poland,PL,2017,43.53,41.44,260.11,25.32
Poland,PL,2018,43.28,41.05,259.92,24.54
Poland,PL,2019,42.65,38.52,260.24,24.31
Poland,PL,2020,39.74,37.44,257.91,7.91
Poland,PL,2021,37.76,39.67,265.68,8.12
Poland,PL,2022,37.74,40.47,273.74,8.22
Poland,PL,2023,39.33,45.7,263.1,8.14
Portugal,PT,2008,55.03,11.81,457.5,16.22
Portugal,PT,2009,50.63,11.03,474.13,16.81
Portugal,PT,2010,51,10.79,448.38,16.81
Portugal,PT,2011,49.7,10.94,453.37,16.53
Portugal,PT,2012,50.55,10.56,445.15,17.1
Portugal,PT,2013,49.78,2.3,437.1,17.32
Portugal,PT,2014,48,2.26,443.1,17.13
Portugal,PT,2015,47.75,2.17,451.59,17.22
Portugal,PT,2016,48.07,2.19,451.47,17.07
Portugal,PT,2017,52.44,1.88,449.25,17.18
Portugal,PT,2018,52.6,1.92,450.52,16.94
Portugal,PT,2019,52.02,1.88,442.08,16.87
Portugal,PT,2020,51.16,1.88,442.78,16.84
Portugal,PT,2021,63.14,1.92,438.33,16.85
Portugal,PT,2022,50.39,1.87,452.78,16.6
Portugal,PT,2023,48.14,1.71,440.18,16.49
Romania,RO,2008,52.49,4.05,243.94,20.07
Romania,RO,2009,53.68,4.14,249.88,19.1
Romania,RO,2010,50.63,3.88,242.97,19.01
Romania,RO,2011,50.93,3.89,231.82,19.64
Romania,RO,2012,53.38,5.9,264.39,20.91
Romania,RO,2013,53.91,5.86,267.86,22.31
Romania,RO,2014,55.56,4.87,265.23,22.25
Romania,RO,2015,57.76,3.43,263.21,22.67
Romania,RO,2016,55.77,3.36,241.98,21.68
Romania,RO,2017,58.81,3.69,242.53,22.8
Romania,RO,2018,59.57,3.79,256.09,23.36
Romania,RO,2019,58.39,3.69,257.05,36.52
Romania,RO,2020,55.12,3.61,256.97,36.15
Romania,RO,2021,59.25,3.55,247.95,34.55
Romania,RO,2022,61.21,3.82,262.61,33.02
Romania,RO,2023,61.19,3.74,266.58,32.7
Scotland (NUTS 2021),UKM,2008,64.04,,321.54,5.07
Scotland (NUTS 2021),UKM,2009,70.81,,331.1,5.06
Scotland (NUTS 2021),UKM,2010,70.67,,328.16,4.9
Scotland (NUTS 2021),UKM,2011,67.21,,328.43,4.96
Scotland (NUTS 2021),UKM,2012,81.98,,328.59,4.75
Scotland (NUTS 2021),UKM,2013,84.77,,324.39,4.87
Scotland (NUTS 2021),UKM,2014,86.71,,323.08,4.83
Scotland (NUTS 2021),UKM,2015,86.83,,322.88,4.74
Scotland (NUTS 2021),UKM,2016,,,320,
Scotland (NUTS 2021),UKM,2017,,,318.58,4.86
Serbia,RS,2008,45.51,6.31,435.77,
Serbia,RS,2009,45.18,6.04,443.74,
Serbia,RS,2010,46.94,6.12,458.17,
Serbia,RS,2011,53.09,5.81,468.63,
Serbia,RS,2012,53.45,5.4,476.02,
Serbia,RS,2013,53.48,5.89,471.89,39.95
Serbia,RS,2014,53.53,5.83,624.51,40.35
Serbia,RS,2015,51.5,5.45,596.34,38.86
Serbia,RS,2016,51.04,5.4,,38.83
Serbia,RS,2017,52.1,5.34,,38.24
Serbia,RS,2018,51.96,5.4,,36.94
Serbia,RS,2019,54.01,5.34,,38.82
Serbia,RS,2020,55.42,5.27,,38.24
Serbia,RS,2021,55.77,5.14,,39.58
Serbia,RS,2022,60.41,5.16,,39.09
Serbia,RS,2023,59.87,5.26,,39.69
Slovakia,SK,2008,90.7,3.74,374.18,25.82
Slovakia,SK,2009,92.36,3.79,405.51,25.75
Slovakia,SK,2010,92.44,3.8,399.95,25.73
Slovakia,SK,2011,93.07,3.63,392.77,25.28
Slovakia,SK,2012,92,3.77,402.14,24.87
Slovakia,SK,2013,89.56,3.96,414.06,25.6
Slovakia,SK,2014,89.68,3.91,414.59,25.22
Slovakia,SK,2015,89.09,3.95,411.23,24.66
Slovakia,SK,2016,89.84,4.11,405.8,24.9
Slovakia,SK,2017,89.64,4.16,404.91,26.35
Slovakia,SK,2018,91.11,4.32,402.67,26.22
Slovakia,SK,2019,92.56,4.46,403.49,26.31
Slovakia,SK,2020,93.97,4.43,387.83,24.75
Slovakia,SK,2021,93.79,4.45,378.73,25.39
Slovakia,SK,2022,96.91,4.43,377.74,24.23
Slovakia,SK,2023,96.06,4.31,369.09,25.24
Slovenia,SI,2008,33.53,7.21,386.96,53.08
Slovenia,SI,2009,33.95,7.18,385.86,52.94
Slovenia,SI,2010,35.61,7.38,379.88,50.03
Slovenia,SI,2011,36.29,7.27,372.21,49.56
Slovenia,SI,2012,35.03,7.1,358.6,47.82
Slovenia,SI,2013,34.49,6.41,350.3,47.11
Slovenia,SI,2014,33.96,6.4,391.74,45.61
Slovenia,SI,2015,34.22,5.67,345.49,44.16
Slovenia,SI,2016,37.45,6.2,346.82,43.55
Slovenia,SI,2017,41.73,5.91,347.07,43.03
Slovenia,SI,2018,41.75,6.34,343.08,43.06
Slovenia,SI,2019,41.76,6.3,342.4,42.67
Slovenia,SI,2020,41.46,6.2,345.54,42.37
Slovenia,SI,2021,41.87,6.21,349.79,41.82
Slovenia,SI,2022,42.66,6.17,347.81,41.71
Slovenia,SI,2023,42.51,6.38,334.58,40.67
Spain,ES,2008,51.26,,361.32,9.72
Spain,ES,2009,53.42,,373.56,9.81
Spain,ES,2010,65.65,,384.01,10.09
Spain,ES,2011,65.7,,388.09,10.48
Spain,ES,2012,53.91,,383.01,10.76
Spain,ES,2013,63.68,,376.47,11.17
Spain,ES,2014,62.9,,371.54,11.51
Spain,ES,2015,51.44,,365.6,11.55
Spain,ES,2016,51.18,,361.43,11.56
Spain,ES,2017,51.48,,360.2,6.38
Spain,ES,2018,55.74,,362.5,6.45
Spain,ES,2019,60.26,,367.36,6.24
Spain,ES,2020,60.01,,369.9,6.07
Spain,ES,2021,58.73,,375.73,6.15
Spain,ES,2022,60.41,,379.84,6.14
Spain,ES,2023,62.11,,378.04,6.16
Sweden,SE,2008,83.85,2.23,199.51,12.61
Sweden,SE,2009,74.66,2.21,206.82,12.37
Sweden,SE,2010,74.8,2.19,217.24,12.18
Sweden,SE,2011,74.8,2.18,216.64,12.66
Sweden,SE,2012,,,209.75,12.36
Sweden,SE,2013,62.4,32.92,208.36,8.21
Sweden,SE,2014,62.34,33.95,201.83,8.45
Sweden,SE,2015,61.31,35.62,204.19,8.39
Sweden,SE,2016,61.8,36.39,203.28,8.32
Sweden,SE,2017,60.75,35.15,197.51,8.55
Sweden,SE,2018,59.78,35.26,198.02,8.57
Sweden,SE,2019,59,35.39,199.63,8.29
Sweden,SE,2020,65.99,36.51,202.78,8.32
Sweden,SE,2021,68.39,35.76,206.04,8.64
Sweden,SE,2022,72.41,36.41,210.3,8.79
Sweden,SE,2023,84.38,38.66,218.41,9.02
Switzerland,CH,2008,44.78,,215,16.18
Switzerland,CH,2009,,,221.48,14.14
Switzerland,CH,2010,,,221.02,14.67
Switzerland,CH,2011,,,219.35,
Switzerland,CH,2012,47.92,,221.63,15.98
Switzerland,CH,2013,,,221.62,
Switzerland,CH,2014,49.29,,218.9,
Switzerland,CH,2015,50.67,,220.33,
Switzerland,CH,2016,50.07,,219.28,15.02
Switzerland,CH,2017,52.05,,218.46,
Switzerland,CH,2018,52.99,,217.03,14.43
Switzerland,CH,2019,52.28,,220.04,
Switzerland,CH,2020,52.34,,219.87,15.14
Switzerland,CH,2021,51.99,,223.72,
Switzerland,CH,2022,53.43,,216.39,
Switzerland,CH,2023,,,213.5,
Türkiye,TR,2009,36.34,0.75,514.75,8.67
Türkiye,TR,2010,39.58,0.73,511.95,8.59
Türkiye,TR,2011,46.99,1,502.62,8.39
Türkiye,TR,2012,54.28,0.99,505.77,8.53
Türkiye,TR,2013,57.25,1.03,,9.86
Türkiye,TR,2014,59.29,1.07,,8.92
Türkiye,TR,2015,58.95,1.17,464.13,8.48
Türkiye,TR,2016,60.74,1.19,462.02,8.68
Türkiye,TR,2017,66.79,0.28,489.68,11.16
Türkiye,TR,2018,67.87,0.39,583.22,13.6
Türkiye,TR,2019,73.65,0.4,530.53,14.21
Türkiye,TR,2020,78.58,0.39,528,15
Türkiye,TR,2021,79.38,0.38,540.78,15.4
Türkiye,TR,2022,83.79,0.37,545.07,15.28
Türkiye,TR,2023,82.86,2.29,566.19,15.99
