Geopolitical entity (reporting),TIME_PERIOD,Acts against computer systems,Attempted intentional homicide,Bribery,Burglary,Burglary of private residential premises,Child pornography,Corruption,Fraud,Intentional homicide,Kidnapping,Money laundering,Participation in an organized criminal group,Rape,Robbery,Serious assault,Sexual assault,Sexual exploitation,Sexual violence,Theft,Theft of a motorized vehicle or parts thereof,Unlawful acts involving controlled drugs or precursors
Albania,2008,,124.815,,74.27,359.495,,,,45.39,5.16,,,20.115,74.27,187.225,9.285,,29.4,1848.44,205.28,336.8
Albania,2009,,119.125,,87.155,390.385,,,,42.285,2.58,,,17.535,87.155,195.45,14.955,,32.49,1836.745,259.915,333.66
Albania,2010,,211,,231,957,,,,118,9,,,24,236,178,36,,60,3978,627,603
Albania,2011,,110.78,,137.18,506.785,,,,64.19,1.035,,,11.39,138.73,87.485,11.39,,22.775,2392.095,316.29,383.065
Albania,2012,,220,,322,1238,,,,125,2,,,24,326,156,23,,47,5344,677,1105
Albania,2013,,206,,365,1277,,,,107,5,,,39,371,163,50,,87,5255,572,1334
Albania,2014,,93.625,,152.59,857.105,,,,50.69,1.035,,,21.205,153.625,68.275,28.965,,50.175,4117.95,207.42,918.66
Albania,2015,,71.39,,119.49,717.475,,,,27.93,4.135,,,36.73,121.055,87.42,40.35,,77.08,3627.49,143.285,1205.37
Albania,2016,43.46,68.285,132.45,78.115,629.065,2.585,533.945,472.375,36.73,2.065,188.845,5.175,22.765,82.265,61.04,39.32,54.325,62.085,2918.585,154.16,1685.13
Albania,2017,39.84,66.74,153.66,,592.4,2.07,597.06,526.695,26.905,1.035,196.09,6.725,22.245,94.68,64.675,36.215,62.605,58.465,2636.575,170.22,1079.775
Albania,2018,34.665,58.985,141.775,,630.215,1.55,534.495,486.89,26.39,2.585,181.615,16.555,21.73,68.815,69.85,34.665,49.67,56.4,2801.31,130.39,996.55
Albania,2019,43.465,48.125,157.83,,598.71,2.585,688.23,452.265,30.015,2.07,207.505,19.665,39.845,50.71,81.76,39.845,49.675,79.69,2500.92,164.555,1040.63
Albania,2020,55.38,59.005,83.33,,462.705,5.175,438.38,413.02,26.915,2.59,215.825,7.765,33.64,42.44,78.67,27.95,49.685,75.045,1636.555,102.995,1101.385
Albania,2021,104.57,52.285,136.145,386.18,385.145,64.19,505.765,476.775,31.58,2.07,202.925,13.975,33.65,41.415,84.38,24.33,94.735,69.885,1730.05,107.16,1639.975
Albania,2022,78.72,48.165,255.84,314.365,311.255,62.15,611.12,501.845,21.75,2.07,246,19.68,29.52,40.395,79.24,42.985,113.42,87.525,1272.995,61.63,1530.905
Albania,2023,142.995,48.7,161.65,306.72,305.165,19.69,452.825,,17.615,2.07,,23.315,25.905,46.11,76.16,35.75,62.69,69.425,1209.255,73.57,1608.715
Austria,2008,,29.35,,52775.685,8693.395,,,,29.35,5.565,,,350.67,2421.805,1996.24,1767.015,,2117.685,88051.235,4578.96,1001.915
Austria,2009,,51.61,,54347.815,9977.285,,,,25.805,2.53,,,394.175,2315.955,2035.635,1546.84,,1941.01,86365.395,4700.225,1062.09
Austria,2010,,56.67,,44783.885,7410.685,,,,30.865,4.555,,,617.81,2180.805,1824.59,1151.12,,1768.93,76266.385,2605.83,1096.475
Austria,2011,,53.125,,42641.635,7901.23,,,,40.48,2.53,,,664.845,2057.275,1971.765,1337.28,,2002.125,73024.63,2609.795,1173.85
Austria,2012,,55.15,,43125.88,7831.55,,,,44.525,5.565,,,635.47,2070.335,2038.965,1408.555,,2044.025,74131.3,2249.44,1006.835
Austria,2013,,53.12,,44876.255,8371.895,,,,31.875,2.025,,,655.16,1890.61,1683.18,1089.235,,1912.36,77912.055,5806.9,13776.595
Austria,2014,,35.41,,43245.955,8655.565,,,,21.755,0.505,,,588.84,1760.96,1633.985,1071.955,,1802.95,75002.93,5212.565,14753.415
Austria,2015,,48.56,,40037.46,7848.46,,,,21.245,1.515,,,571.59,1727.895,1750.655,1016.215,,1759.785,70944.685,4928.3,16732.86
Austria,2016,6626.8,50.07,10.115,40714.69,6562.155,346.435,1593.61,16458.52,24.78,1.01,284.23,28.83,622.585,1569.33,1918.3,1426.73,422.3,2220.765,72591.335,4563.415,18325.985
Austria,2017,1611.665,76.36,15.17,35024.235,5941.97,374.22,1622.79,17724.765,30.85,1.515,314.545,37.42,754.505,1319.875,1833.16,1222.275,468.785,2150.74,66609.205,2535.07,21592.86
Austria,2018,1396.655,66.24,12.135,29650.825,4930.765,592.64,1574.145,19144.065,36.915,2.53,336.775,39.95,842.44,1211.58,1876.53,1225.74,686.695,2237.58,60074.31,2152.625,20821.87
Austria,2019,3687.155,86.465,19.215,27468.61,4448.655,849.99,1596.825,25093.6,37.42,3.035,217.425,60.17,847.46,1328.835,1939.145,1193.32,939.99,2279.95,58362.96,1980.61,22130.525
Austria,2020,6363.195,67.245,18.71,24490.585,3221.795,864.605,1455.67,27510.64,27.305,1.515,266.46,47.53,851.46,1080.505,1794.435,1079.495,969.27,2093.76,42842.975,1570.955,20621.6
Austria,2021,7628.96,61.175,28.82,20418.55,2309.065,975.805,1473.815,29024.83,29.83,1.515,375.155,45.505,930.805,1070.855,1825.205,1116.865,1069.34,2201.37,37016.305,1413.145,17928.99
Austria,2022,11109.365,67.745,74.825,25072.16,3049.59,1045.01,1559.68,35606.69,32.86,4.55,381.705,44.49,1038.945,1282.12,2186.08,1298.3,1131.97,2511.665,49110.43,1579.395,17812.195
Austria,2023,10359.04,72.79,621.755,29771.94,3833.65,1135.84,2276.23,,37.91,3.035,,74.305,1176.785,1353.705,2256.01,1417.905,1213.685,2753.415,55785.55,1719.175,18064.755
Belgium,2008,,344.195,,47119.13,32330.78,,,,102.955,511.25,,,1630.645,11545.735,38514.715,3809.38,,5440.025,123992.615,11760.73,7496.625
Belgium,2009,,376.47,,49012.095,35050.96,,,,95.38,545.02,,,1590.655,11900.15,39193.63,3763.175,,5353.83,125974.225,11054.86,7549.56
Belgium,2010,,384.515,,46119.065,32092.35,,,,95.37,566.175,,,1669.26,12038.04,39237.665,3842.625,,5511.885,115230.805,10017.065,7443.035
Belgium,2011,,432.9,,49253.7,35336.83,,,,107.975,602.425,,,1713.94,13794.77,39747.06,3987.42,,5701.36,122301.25,9775.565,6975.335
Belgium,2012,,421.775,,51687.205,38160.88,,,,103.93,597.84,,,1717.845,12919.405,36481.88,3698.54,,5416.385,120032.715,8683.57,5718.08
Belgium,2013,,408.13,,50414.665,38078.625,,,,102.915,586.71,,,1687.485,11541.99,35185.435,1923.58,,5750.565,113058.425,7967.75,5760.655
Belgium,2014,,428.295,,48640.68,36662.5,,,,105.94,580.645,,,1608.255,11062.06,35520.375,1871.085,,3479.345,105153.645,7962.08,27812.545
Belgium,2015,,443.915,,46288.79,33150.4,,,,116.53,590.71,,,1629.875,10229.225,31468.065,1844.77,,3474.65,124524.865,9774.215,26562.795
Belgium,2016,1846.18,444.395,48.425,39825.505,27928.245,667.35,2601.8,28044.265,88.275,605.81,444.9,122.07,1736.72,9421.565,31770.92,2213.9,1266.095,3950.62,117279.77,8797.09,28036.19
Belgium,2017,2010.05,489.775,50.44,37906.51,26396,872.115,2318.245,29252.945,99.87,590.155,456.485,143.755,1879.915,8900.22,31657.945,2475.115,1438.06,4355.03,112766.21,7992.29,29383.585
Belgium,2018,2754.455,518.005,48.925,35900.215,25893.69,945.725,2385.245,33315.235,96.84,,682.94,132.655,1950.465,8313.805,32536.46,2456.36,1493.49,4406.825,111998.52,7073.01,30155.25
Belgium,2019,3305.1,516.975,50.435,33310.765,24141.92,1337.07,2445.665,40990.225,74.14,,1197.865,155.345,2128.925,8219.63,32913.83,2732.145,1896.41,4861.065,114693.545,6400.39,32150.73
Belgium,2020,4755.92,512.915,37.825,24034.29,17122.825,1236.64,2195.39,48281.92,75.145,,3072.94,166.43,2017.86,6015.255,28340.34,2788.995,1855.97,4806.86,79277.105,4604.62,31215.075
Belgium,2021,4456.74,531.56,51.44,23188.965,17051.305,1376.31,2480.785,51328.405,79.18,,3236.27,279.395,2325.455,5864.82,30217.27,3156.585,1930.06,5482.035,84375.455,4765.39,28588.795
Belgium,2022,4813.075,610.71,45.385,26255.065,19814.095,683.33,2659.7,57251.09,93.295,,2062.1,188.105,2358.125,6755.15,33744.48,3479.695,1137.205,5837.82,100710.985,5437.405,29213.815
Belgium,2023,,624.775,47.905,24902.275,18465.925,551.155,2523.81,,81.69,,,166.405,2223.275,7108.525,33541.725,3636.205,1007.005,5859.475,103374.39,5536.25,29708.355
Bosnia and Herzegovina,2008,,47.195,,1973.03,,,,,33.86,4.105,,,17.955,382.705,756.175,,,,4196.405,884.94,779.26
Bosnia and Herzegovina,2009,,,,6472.615,1884.275,,,,34.37,3.08,,,14.875,,,,,,3457.67,891.605,26.675
Bosnia and Herzegovina,2010,,34.37,,1782.185,,,,,27.7,0.515,,,23.6,,259.07,,,,5828.785,835.175,19.495
Bosnia and Herzegovina,2011,,25.65,,7499.695,,,,,25.135,0.515,,,17.955,500.185,334.485,,,,3456.15,559.695,27.705
Bosnia and Herzegovina,2012,,24.11,,6710.345,,,,,30.78,1.025,,,21.035,518.155,317.05,,,,3424.43,681.295,22.06
Bosnia and Herzegovina,2013,,59,,12107,146,,,,46,5,,,35,1103,577,,,137,6477,1376,20
Bosnia and Herzegovina,2014,,70,,10386,,,,,49,3,,,27,1025,592,107,,134,5931,1361,70
Bosnia and Herzegovina,2015,,54,,9361,1181,,,,56,0,,,36,111,992,24,,164,4874,1278,82
Bosnia and Herzegovina,2016,,60,29,7173,,,397,222,42,1,19,28,27,1015,1009,29,,143,4491,1029,747
Bosnia and Herzegovina,2017,,59,17,5739,,,383,,34,0,,29,25,660,752,,,158,4143,777,767
Bosnia and Herzegovina,2018,5,14,31,5207,,,430,273,36,1,25,21,34,,909,187,,87,3561,585,2810
Bosnia and Herzegovina,2019,8,62,81,4823,,33,751,,37,7,,52,26,660,725,138,14,186,3718,499,3300
Bosnia and Herzegovina,2020,63,67,339,4680,549,,903,543,42,1,44,88,18,520,640,146,14,194,3669,300,3756
Bosnia and Herzegovina,2021,24,64,131,4200,401,34,779,,31,14,,69,20,416,755,171,19,194,3161,319,4125
Bosnia and Herzegovina,2022,24,53,92,3820,330,40,694,584,34,12,114,122,24,405,505,124,18,148,3087,207,4102
Bosnia and Herzegovina,2023,13,43,69,3511,448,78,693,,35,30,,63,36,267,793,72,77,197,2900,231,4799
Bulgaria,2008,,30.4,,10122.88,3417.36,,,,87.145,64.345,,,132.74,1453.075,1629.39,246.74,,379.48,21559.505,2315.9,1447.5
Bulgaria,2009,,33.44,,11999.575,4034.82,,,,76.005,71.95,,,124.645,1822.08,1581.905,243.215,,367.86,22435.485,2241.625,1855.52
Bulgaria,2010,,31.42,,12164.22,4225.175,,,,74.995,59.795,,,106.92,1893.675,1539.465,245.765,,352.69,25579.575,1981.34,1907.865
Bulgaria,2011,,30.915,,10273.54,3323.495,,,,64.87,39.02,,,79.565,1576.1,1247.705,249.34,,328.905,23982.575,1630.325,1448.9
Bulgaria,2012,,22.805,,8505.01,3272.055,,,,71.46,38.01,,,94.775,1497.665,1221.445,252.905,,347.68,22534.405,1552.4,1500.2
Bulgaria,2013,,33.96,,8699.305,3241.9,,,,55.25,44.095,,,83.125,1508.935,1251.955,237.21,,320.34,22938.63,1808.49,1546.95
Bulgaria,2014,,23.315,,7769.265,2709.385,,,,56.775,48.155,,,75.02,1179.05,1283.98,234.19,,309.21,20907.625,1877.055,1641.85
Bulgaria,2015,,16.73,,6101.05,2247.275,,,,63.875,37.515,,,60.325,986.51,1277.495,245.36,,305.685,19423.495,2031.825,2032.84
Bulgaria,2016,29.405,38.53,66.925,5151.52,,9.635,113.06,1827.695,40.05,35.49,15.715,33.97,64.39,844.645,1252.265,,30.42,280.87,16592.24,1618.31,2402.115
Bulgaria,2017,36,15.72,70.48,4485.785,,15.21,118.14,1708.725,48.17,51.72,22.815,32.96,72,789.97,1425.29,,28.9,331.095,20761.785,1194.585,2529.625
Bulgaria,2018,29.41,23.325,84.685,3886.355,3344.275,13.69,341.275,1445.215,46.65,31.945,19.27,52.23,57.3,641.47,1276.86,234.275,36.005,291.58,18722.855,1048.665,2807.26
Bulgaria,2019,33.47,19.27,65.93,3157.47,2833.405,9.635,296.68,1066.52,41.08,36.515,15.72,53.755,66.435,599.95,1403.77,240.385,21.805,306.82,16822.94,827.15,2774.07
Bulgaria,2020,24.345,16.23,59.85,2710.44,2402.065,11.665,246.495,847.52,33.98,41.085,24.345,45.14,55.285,508.205,1347.61,232.8,28.91,288.085,13712.46,889.615,2492.85
Bulgaria,2021,25.87,14.2,51.23,2096.885,2001.02,13.695,286.585,831.35,45.145,35,22.32,33.475,40.58,426.07,1398.94,236.875,30.94,277.455,12394.14,681.715,2492.525
Bulgaria,2022,30.97,23.335,53.27,2201.73,2206.805,8.63,270.905,1166.31,38.555,42.105,20.8,24.86,48.7,457.595,1588.39,238.945,32.975,287.645,14331.54,762.995,2717.16
Bulgaria,2023,52.805,22.85,49.76,1694.375,1810.145,9.645,290.435,,37.575,45.19,,39.095,38.08,456.47,1957.9,278.755,31.99,316.84,13279.31,668.205,2889.63
Croatia,2008,,,,8938.085,1388.47,,,,36.325,8.185,,,96.18,644.1,577.08,295.19,,391.37,7827.415,985.845,4032.395
Croatia,2009,,,,8738.155,1420.715,,,,25.07,6.14,,,65.995,721.87,541.785,273.705,,339.705,7211.025,935.21,3613.44
Croatia,2010,,63.955,,9440.415,2101.735,,,,31.72,6.65,,,72.14,636.965,504.46,130.975,,203.115,6945.245,707.06,3982.45
Croatia,2011,,62.935,,9842.715,2361.8,,,,25.07,3.07,,,62.42,707.11,446.675,130.985,,193.405,8150.16,672.825,3974.025
Croatia,2012,,51.68,,9834.23,2898.23,,,,26.095,3.07,,,64.475,812.57,462.06,111.035,,175.51,8825.685,584.355,3732.8
Croatia,2013,,64.48,,9458.33,3068.34,,,,23.54,0.51,,,140.215,779.365,421.155,154.545,,294.755,7190.335,443.16,1372.975
Croatia,2014,,57.83,,7831.16,2530.21,,,,18.425,0.51,,,171.445,648.93,392.02,137.665,,309.11,6163.29,323.955,1385.37
Croatia,2015,,53.745,,7661.125,2512.59,,,,18.94,0,,,132.055,671.015,411.515,177.605,,309.66,6933.81,388.995,1454.63
Croatia,2016,871.82,47.61,113.65,6349.485,2257.105,54.775,463.3,1948.41,22.525,0.51,29.69,8.705,162.795,546.745,404.425,183.27,233.44,367.055,6521.49,455.62,5947.105
Croatia,2017,607.275,64.005,98.825,6564.815,2321.57,71.685,389.66,1351.265,23.555,0,3.07,9.215,125.96,442.4,408.605,117.77,190.475,253.46,6355.905,437.28,6047.655
Croatia,2018,704.76,46.095,23.05,5585.82,2311.975,118.315,263.77,1581.61,12.29,0,13.315,7.685,152.115,398.985,375.425,124.97,140.85,301.675,6243.46,472.74,5735.89
Croatia,2019,1440.495,50.2,19.98,5548.865,1975.3,128.58,402.13,1689.455,16.905,0.51,21.005,12.805,241.79,429.28,377.03,179.805,205.42,439.525,6076.5,935.91,5736.355
Croatia,2020,529.225,55.33,31.25,4578.1,1658.385,163.945,275.63,1284.39,20.495,0.51,10.76,14.345,154.72,323.785,380.655,135.765,184.435,305.345,5337.36,773.09,4721.55
Croatia,2021,664.565,52.775,52.775,3891.07,1315.3,234.675,467.295,1510.52,16.91,1.535,26.645,10.25,231.085,309.48,372.505,201.37,255.68,456.535,5290.4,856.2,4586.38
Croatia,2022,788.395,55.4,175.425,3670.64,1147.46,227.235,608.865,1789.155,15.9,0,40.525,18.465,183.12,363.165,399.07,170.81,314.435,368.295,5687.03,873.545,4711.405
Croatia,2023,865.915,56.94,58.995,3716.57,1184.995,237.51,442.19,,13.34,0,,7.695,216.48,323.18,471.945,184.16,377.555,428.855,5781.33,744.855,5312.46
Cyprus,2008,,7.335,,1460.115,,,,,5.08,6.775,,,19.19,40.075,94.255,35.56,,54.745,1801.015,1008.03,439.67
Cyprus,2009,,10.69,,1409.105,,,,,10.69,14.63,,,15.195,79.91,123.24,28.7,,43.895,1638.7,915.58,397.295
Cyprus,2010,,6.17,,1813.28,,,,,3.925,15.15,,,20.195,87.52,97.06,24.125,,44.32,936.935,956.575,477.445
Cyprus,2011,,7.275,,1914.75,1097.26,,,,4.475,6.715,,,25.18,76.655,91.765,1.12,,26.3,949.54,997.66,523.73
Cyprus,2012,,6.695,,1674.01,1121.59,,,,10.6,2.79,,,17.3,96.535,82.585,1.115,,18.415,874.39,975.95,574.745
Cyprus,2013,,4.46,,1509.815,995.575,,,,6.135,2.23,,,12.83,83.105,73.62,0.56,,13.385,709.45,734.55,555.515
Cyprus,2014,,5.585,,1320.88,907.195,,,,5.585,4.465,,,9.49,58.06,74.81,1.115,,10.605,552.69,662.67,602.935
Cyprus,2015,,6.15,,1106.325,761.4,,,,6.71,0,,,11.74,43.605,79.94,0,,11.74,527.165,537.23,519.9
Cyprus,2016,22.36,3.915,21.24,961.935,608.125,43.04,22.915,129.675,6.15,0.56,,0,12.295,51.98,81.045,1.12,44.715,13.415,408.585,552.79,489.63
Cyprus,2017,27.365,5.585,16.755,820.985,515.49,53.615,17.315,137.39,3.91,5.025,,0,10.61,57.525,80.425,0.56,55.85,11.17,535.595,536.155,524.985
Cyprus,2018,32.915,4.465,8.925,697.32,,68.06,9.485,126.635,7.81,2.23,,0.56,15.62,40.725,73.635,0.56,70.29,16.18,399.425,,637.07
Cyprus,2019,40.11,8.355,7.8,662.93,,57.935,8.355,123.115,7.24,4.455,,0,8.915,30.64,98.045,0.555,59.05,9.47,357.65,,574.91
Cyprus,2020,96.795,8.9,6.12,485.1,,85.67,7.23,135.74,8.345,1.115,,0,15.575,43.39,75.66,1.115,91.235,16.69,285.385,,470.635
Cyprus,2021,81.145,7.225,6.67,480.215,,92.265,6.67,227.88,7.78,1.665,,0,30.57,37.795,99.49,4.445,98.935,35.015,292.91,,465.765
Cyprus,2022,63.3,9.44,12.77,626.34,,92.73,13.325,265.415,3.885,3.33,,0,31.65,53.305,98.28,0,96.06,31.65,340.38,,569.15
Cyprus,2023,103.905,8.29,3.315,602.975,,97.825,3.87,,5.525,0,,0,22.66,34.265,86.22,16.03,102.245,61.35,428.88,,604.635
Czechia,2008,,44.93,,26948.545,2339.4,,,,57.045,7.575,,,267.055,2342.935,2724.59,581.065,,848.12,74848.705,15949.725,1419.595
Czechia,2009,,38.365,,27687.04,2417.97,,,,53.005,6.06,,,242.3,2365.98,2400.81,630.995,,873.295,70223.66,34586.085,1537.61
Czechia,2010,,34.325,,29659.815,2712.68,,,,53,8.075,,,295.8,2028.705,2415.875,379.09,,674.89,64117.555,30982.84,1519.385
Czechia,2011,,45.43,,30120.51,2653.565,,,,41.895,5.55,,,340.72,1959.005,2657.1,394.225,,734.94,63115.675,28065.095,1834.83
Czechia,2012,,46.945,,28041.405,2765.575,,,,47.95,8.58,,,337.685,1724.26,2644.94,374.025,,711.71,60585.265,24968.43,1925.15
Czechia,2013,,46.435,,31488.61,8054.875,,,,45.43,10.095,,,297.3,1540.005,2714.57,417.43,,715.235,63711.64,26913.515,2582.83
Czechia,2014,,39.875,,24886.505,6477.035,,,,40.885,7.57,,,337.68,1285.615,2624.23,383.615,,722.81,52728.86,20737.91,2825.12
Czechia,2015,,33.82,,17401.575,4768.825,,,,44.42,6.055,,,301.835,1020.595,2639.31,414.395,,717.745,43088.03,15337.675,2800.83
Czechia,2016,,35.835,49.465,14243.695,4051.025,181.705,1493.52,4964.6,32.81,9.085,595.59,5.55,327.575,830.8,2548.925,367.955,199.875,703.1,35949.43,4623.9,2809.875
Czechia,2017,395.705,22.715,46.435,12177.535,3650.685,246.81,1374.37,4417.365,20.19,8.58,470.91,2.525,301.825,799.99,2406.03,405.295,277.095,713.685,33362.92,4145.32,2825.965
Czechia,2018,450.71,21.705,141.825,10675.175,3042.91,327.56,1310.235,4264.315,27.76,6.56,393.675,4.54,328.57,709.625,2506.905,396.2,344.72,730.825,29999.1,3546.615,2758.255
Czechia,2019,551.125,31.29,61.575,11184.545,3293.135,367.42,1180.48,4632.595,40.88,6.055,315.94,12.115,344.705,726.255,2363.99,436.56,386.09,787.325,30205.99,3365.81,2432.125
Czechia,2020,649.515,34.32,58.04,10427.1,2781.77,336.115,852.395,4013.18,28.765,5.55,280.6,9.085,322.49,629.835,1964.195,399.2,336.115,733.295,23032.385,3071.96,2115.095
Czechia,2021,941.72,29.775,47.945,15520.49,2634.895,316.485,704.65,5913.315,23.215,1.01,284.685,11.105,752.605,620.745,1867.79,41.39,386.145,803.945,13592.29,1587.99,2117.605
Czechia,2022,1437.54,31.8,90.855,17035.46,2974.515,393.71,812.655,8126.545,39.875,2.525,348.785,11.105,864.645,717.76,2105.33,45.43,478.505,919.66,17552.325,1750.49,2119.97
Czechia,2023,963.315,43.395,68.63,15636.09,2534.19,361.305,797.8,,34.315,4.035,,16.15,882.07,726.145,2151.185,47.94,443.055,940.61,17849.85,1548.67,2183.985
Denmark,2008,,100.295,,47643.47,29931.815,,,,26.98,,,,496.405,1731.045,846.685,426.145,,922.545,151316.815,890.98,10314.995
Denmark,2009,,105.885,,54456.45,34047.245,,,,28.505,,,,446.965,2038.325,816.04,403.695,,850.66,152983.775,1017.635,9752.8
Denmark,2010,,77.375,,49214.92,31789.165,,,,24.945,,,,485.62,1716.46,892.335,537.54,,1023.16,148816.045,758.46,9970.445
Denmark,2011,,75.33,,46690.835,32264.99,,,,24.94,,,,434.17,1649.64,863.25,515.61,,949.78,148313.59,664.745,11744.475
Denmark,2012,,72.27,,41190.11,29482.51,,,,21.885,,,,442.285,1528.405,843.345,526.775,,969.06,143279.8,558.33,11777.835
Denmark,2013,,83.975,,40182.125,28767.46,,,,20.865,,,,426.99,1628.56,764.915,510.96,,937.95,136944.425,544.04,13121.09
Denmark,2014,,75.315,,35437.25,25773.01,,,,31.55,,,,425.935,1181.63,780.12,779.105,,1205.04,127614.71,511.94,14296.115
Denmark,2015,,71.745,,32231.095,23266.96,,,,26.46,,,,534.785,1034.97,742.9,793.78,,1328.565,114929.4,429.965,12625.705
Denmark,2016,,98.7,26.965,30594.84,22578.295,121.595,2668.96,19985.14,26.965,,2.035,,854.21,1111.64,881.68,1075.52,303.73,1929.73,114731.155,409.55,12048.98
Denmark,2017,,107.845,13.735,27938.685,20546.8,891.24,1890.83,22351.15,31.03,,57.485,,917.18,1038.76,968.56,1522.025,1037.235,2439.205,108822.605,414.08,14082.78
Denmark,2018,,106.31,160.225,27908.54,20254.9,810.275,2458.3,22048.905,27.465,,53.41,,1127.675,925.23,944.56,1690.24,855.04,2817.915,92990.655,394.71,15345.93
Denmark,2019,,75.785,23.395,24544.075,17773.945,765.46,2573.575,24223.65,27.465,,131.22,,1043.165,863.625,1000.95,1446.49,814.285,2489.655,86485.855,403.84,16760.79
Denmark,2020,,76.795,6.61,19577.04,13802.54,923.085,1969.755,27394.53,25.94,,602.165,,1106.175,831.54,951.565,1624.935,966.825,2731.11,72240.715,450.61,15878.595
Denmark,2021,,67.64,26.955,15477.055,11709.63,1043.06,2429.4,23130.4,21.36,,1300.39,,1351.755,654.52,958.13,1874.05,1080.695,3225.805,63381.01,472.455,14578.425
Denmark,2022,,71.19,5.085,16063.415,11661.22,1681.65,1770.135,29078.295,30,,3001.75,,1439.6,714.97,1097.37,1761.995,1711.145,3201.595,74554.605,607.675,15900.69
Denmark,2023,,68.64,72.705,15969.215,11669.945,1435.8,3645.935,,26.945,,,,1207.515,674.175,1053.465,2232.505,1512.065,3440.025,80581.25,602.485,15219.28
England and Wales,2008,,,,291324.435,142475.895,,,,319.585,1019.365,,,6559.99,40138.36,209943.2,11127.335,,17687.325,797837.16,73753.795,14969.86
England and Wales,2009,,,,270813.645,134547.015,,,,298.04,931.69,,,7550.695,37620.73,200219.615,11136.695,,18687.39,797433.72,58948.91,16641.68
England and Wales,2010,,,,261812.685,129315.23,,,,316.57,860.05,,,7960.325,38163.185,183769.73,11631.935,,19592.26,740633.425,53176.7,16197.15
England and Wales,2011,,,,250971.905,122875.295,,,,263.47,759.355,,,8033.335,37410.765,168734.64,11149.9,,19183.235,742162.025,46110.29,15685.995
England and Wales,2012,,,,230305.335,113839.595,,,,272.485,695.23,,,8201.525,32635.29,155752.315,11298.005,,19499.53,681871.99,39980.8,14899.385
England and Wales,2013,,,,221996.435,106180.745,,,,260.96,865.52,,,10393.78,28964.94,161050.75,13080.505,,23474.285,664493.18,37720.34,14699.855
England and Wales,2014,,,,205787.775,98448.88,,,,255.445,1096.415,,,14720.2,25120.355,187058.58,17488.535,,39462.395,670991.46,37884.64,14094.105
England and Wales,2015,,,,200848.81,97356.09,,,,273.475,1512.12,,,17981.64,25610.85,215664.965,20737.91,,53360.405,679958.98,41004.005,13013.535
England and Wales,2016,,,,206397.435,103249.305,,,,338.08,1927.81,,,20843.795,29717.03,233762.425,23116.695,,61200.095,735011.69,48661.565,12679.775
England and Wales,2017,,,,219198.66,124976.54,,,,352.6,2267.865,,,27068.645,38610.315,256925.97,27950.145,,75689.025,787845.005,56107.145,13309.69
England and Wales,2018,,,,211793.605,118460.075,,,,336.07,2615.93,,,29378.24,,273993.92,29579.085,,81152.405,797915.01,60158.86,14938.295
Estonia,2008,,10.745,,,1784.56,,,,45.14,1.075,,,85.975,488.455,75.23,58.035,,144.01,12631.11,556.165,4122.065
Estonia,2009,,13.435,,,1626.81,,,,37.62,0,,,66.64,390.175,56.97,69.865,,136.51,13347.135,501.96,2279.25
Estonia,2010,,7.525,,,1717.855,,,,37.625,0,,,43.54,321.965,55.365,52.14,,95.675,13573.52,467.625,1600.14
Estonia,2011,,18.815,,,1500.99,,,,34.945,1.615,,,48.92,282.24,55.91,47.845,,96.77,10846.155,404.28,2054.18
Estonia,2012,,9.14,,,1461.55,,,,33.875,0,,,76.895,245.74,53.235,56.46,,133.355,10016.83,333.39,2482.16
Estonia,2013,,5.38,,,1146.745,,,,27.97,0.54,,,72.615,256.03,53.25,56.475,,129.09,8856.09,294.215,2494.66
Estonia,2014,,7.53,,,1114.735,,,,22.06,0,,,79.085,193.68,41.425,27.975,,107.06,8467.03,321.185,2179.975
Estonia,2015,,9.145,,,894.2,,,,26.9,0,,,86.62,181.315,52.725,66.175,,152.8,6108.755,271.705,2680.45
Estonia,2016,69.94,5.92,,,714.46,63.485,,906.52,17.755,0,36.585,,81.775,133.425,50.035,64.02,,145.795,4832.275,200.67,3041.29
Estonia,2017,89.845,8.61,88.77,,519.175,82.855,156.56,839.825,15.6,0,22.06,18.29,80.7,108.14,40.89,58.64,,139.345,4106.59,96.84,3124.73
Estonia,2018,110.27,9.68,95.21,,406.115,98.975,202.25,781.575,13.45,0,54.33,8.605,114.035,91.445,48.41,45.185,,159.22,3982.1,72.08,2423.255
Estonia,2019,105.935,5.915,19.895,,322.645,94.105,38.715,974.925,12.37,0,102.17,2.69,109.16,81.735,41.945,81.735,,190.9,3658.79,87.65,2149.89
Estonia,2020,137.095,6.99,21.505,,312.895,83.87,43.545,991.915,19.89,0,11.29,1.615,81.72,60.75,41.395,84.945,,166.665,3689.705,58.065,1989.745
Estonia,2021,134.4,4.84,22.04,,263.96,124.185,46.77,1533.215,10.215,0,9.675,0.54,99.99,69.35,39.78,72.035,,211.275,4038.93,59.135,1946.085
Estonia,2022,124.17,4.84,58.055,,283.825,86.545,88.695,1404.065,9.675,0,10.75,1.075,81.705,52.68,31.18,77.405,,195.13,4314.86,48.915,1806.685
Estonia,2023,,2.685,13.415,,236.645,92.295,38.1,,9.66,0,,0,102.49,41.32,19.855,126.1,,228.595,5204.545,66.54,1769.19
Finland,2008,,184.925,,12549.375,3045.39,,,,81.51,0,,,466.13,863.995,1135.015,914.94,,1381.075,71053.69,7032.2,7887.04
Finland,2009,,186.435,,13082.595,3309.49,,,,70.295,1.53,,,336.195,835.395,1061.055,733.01,,1069.205,71959.11,6208.4,9435.89
Finland,2010,,156.37,,12748.35,3286.79,,,,67.745,0.51,,,416.645,768.085,1005.445,797.63,,1214.275,69746.925,5689.2,10046.285
Finland,2011,,156.865,,13165.96,3398.06,,,,68.245,1.53,,,529.165,826.085,1036.43,1079.72,,1608.885,71235.03,6102.95,10386.7
Finland,2012,,177.73,,12379.02,3198.645,,,,54.49,0.51,,,513.84,822.955,945.18,1133.095,,1646.935,64290.65,4489.1,10237.085
Finland,2013,,134.43,,4884.885,2926.96,,,,54.485,0.51,,,496.485,775.535,912,1025.045,,1521.53,69873.8,3860.35,11536.745
Finland,2014,,166.5,,5300.99,3240.88,,,,57.025,0.51,,,513.755,858.975,837.59,924.655,,1438.41,69993.355,4064.21,11090.28
Finland,2015,,152.23,,5117.345,3039.555,,,,59.06,0.51,,,531.03,788.145,795.78,880.3,,1411.33,67704.13,3757.435,11930.625
Finland,2016,513.185,158.335,12.73,4393.125,2697.785,72.805,1866.915,22802.105,48.875,1.525,188.37,1.02,590.57,850.215,810.505,1032.48,143.57,1623.05,64521.79,3191.625,12789.4
Finland,2017,475.995,177.16,8.655,3974.43,2428.845,56.51,1814.89,17980.9,37.67,1.02,240.795,0,633.81,834.9,804.865,920.935,164.945,1554.745,61689.96,2978.66,14070.615
Finland,2018,467.325,180.72,13.745,3998.23,2507.675,64.145,1957.88,18173.265,48.36,2.035,216.865,0.51,709.135,865.42,819.09,1091.445,187.335,1800.58,60168.425,2914.93,14852.605
Finland,2019,581.35,167.48,6.62,3818.47,2309.1,94.175,2015.885,20512.12,42.25,0.51,230.095,1.02,769.19,918.855,806.355,1271.635,289.655,2040.825,62477.615,2849.725,16464.57
Finland,2020,811.425,194.965,135.915,3965.495,2404.75,288.12,2057.07,23992.51,48.36,1.525,302.375,1.525,772.735,1015.555,892.87,1295.02,455.6,2067.76,68635.625,3291.515,18897.945
Finland,2021,1003.82,190.38,11.71,3229.83,1984.22,224.995,1883.43,24165.945,47.85,1.02,356.325,1.525,1004.325,963.095,846.525,1548.995,408.245,2553.32,63173.33,2845.51,14393.485
Finland,2022,1160.545,177.645,11.2,2957.36,1827.86,299.81,1869.09,27443.885,42.25,1.02,471.345,1.525,927.93,1185.49,878.555,1672.105,485.09,2600.035,63537.915,2801.09,12830.155
Finland,2023,8486.33,180.69,5.6,2914.455,1858.31,377.16,2077.68,,32.575,2.035,,0,1210.88,1387.495,913.63,1895.465,663.21,3106.345,64499.775,2533.735,13632.69
France,2008,,584.91,,154112.4,83254.87,,,,488.26,1038.62,,,5146.53,53399.8,94115.31,6887.745,,12034.27,482043.435,105907.205,3068.785
France,2009,,537.835,,160457.965,89843.4,,,,402.625,1044.12,,,4928.645,56470.12,110234.035,6715.92,,11644.57,692737.34,104135.075,3008.165
France,2010,,605.935,,163918.12,95120.385,,,,399.115,1047.62,,,5061.815,60612.595,116133.835,6437.44,,11499.255,587183.225,97834.575,2939.04
France,2011,,664.52,,173015.855,110193.825,,,,437.675,1118.72,,,5211.005,60576.08,115831.485,6742.86,,11953.87,582792.02,93555.76,2968.56
France,2012,,781.195,,182510.165,119226.365,,,,407.625,1060.12,,,5450.84,62001.835,116044,7961.175,,13412.015,587841.655,89303.095,2955.52
France,2013,,752.645,,193049.335,125406.875,,,,401.61,1134.725,,,5594.015,62423.51,116829.82,8316.16,,13910.17,696059.945,86748.035,3232.42
France,2014,,840.27,,189863.99,117988.155,,,,383.08,1480.24,,,6087.72,57133.01,119138.4,9415.255,,15502.975,715782.83,84670.205,3452.73
France,2015,,1057.59,,189911.705,116066.805,,,,440.66,1911.87,,,6419.14,52136.295,121274.625,10247.39,,16666.53,699732.335,84162.39,3747.125
France,2016,5282.415,1131.195,95.145,183514.975,120780.145,1206.31,1005.005,99008.355,390.085,1911.86,557.335,670.505,7181.26,52897.26,133655.77,10577.85,3827.735,17758.61,733383.395,80876.965,121124.99
France,2017,5092.11,1143.715,102.155,183139.21,,1492.73,984.47,87084.65,355.53,,611.915,775.16,8147.175,49853.7,139257.16,11727.525,4491.21,19874.705,727887.155,,113741.49
France,2018,4978.915,1242.86,115.67,169919.635,,1825.22,1179.76,90340.08,348.52,,759.135,776.655,9591.79,46045.495,150416.885,14311.945,4693.995,23903.815,711725.44,,123739.84
France,2019,5708.485,1361.025,115.17,167508.48,,2220.8,1199.285,102989.58,377.06,,857.275,804.695,11453.025,45049.96,161605.705,16199.58,5323.915,27652.6,721136.88,,122499.08
France,2020,6764.01,1559.815,102.15,139926.045,87735.835,2432.61,1150.705,115598.46,346.515,,1052.56,826.725,12793.975,37150.1,158810.555,15435.845,5716.48,28229.775,587981.635,60660.27,109090.94
France,2021,7659.29,1570.32,132.695,134914.615,88338.74,2671.945,1374.525,135455.415,367.54,,1358.005,1086.105,16984.065,35303.105,177211.04,20189.265,6233.19,37175.81,605047.025,60825.175,145051.85
France,2022,7960.675,1794.64,120.175,148327.22,98045.78,2540.225,1253.845,129939.665,411.105,,1448.63,1051.545,19086.99,34050.095,196205.155,22650.715,6219.62,41837.855,680042.75,66106.945,166130.91
France,2023,8971.12,2010.44,143.21,155368.22,100979.68,2955.825,1293.89,,444.15,,,1391.035,20856.5,31512.085,209032.205,24018.625,7114.405,44875.13,680546.28,69438.05,173594.88
Germany,2008,,805.98,,195420.9,54207.85,,,,328.4,929.63,,,3650.435,24986.855,259564.82,24776.1,,28426.535,1027704.96,44572.145,120121.425
Germany,2009,,825.505,,193559.255,56969.39,,,,360.94,2566.125,,,3661.46,24688.57,74741.535,20910.47,,24571.93,655141.455,43899.97,118064.8
Germany,2010,,809.49,,198913.365,60747.67,,,,349.925,2451.495,,,3866.72,24112.44,71538.845,14438.63,,18305.35,610737.19,38108.03,115644.695
Germany,2011,,780.97,,210884.05,66380.14,,,,344.93,2464.07,,,3774.2,24040.43,69632.19,14425.46,,18199.66,638827.835,35464.655,118386.385
Germany,2012,,794.99,,215373.285,72148.205,,,,309.885,2594.725,,,4020.5,24385.82,68123.2,14140.58,,18161.08,634577,32048.345,118722.61
Germany,2013,,796.49,,219031.67,74842.83,,,,311.885,2467.56,,,3708.6,23646.33,64013.9,13978.34,,17686.94,645335.93,29800.965,126919.925
Germany,2014,,813.505,,223312.645,76155.675,,,,322.9,2497.09,,,3677.045,22765.65,62953.85,13824.095,,17501.14,661890.49,29236.655,138538.315
Germany,2015,,776.455,,232250.18,83670.92,,,,327.905,2384.435,,,3515.325,22360.505,63775.95,13638.275,,17153.6,675308.165,28316.33,141476.025
Germany,2016,7539.165,879.57,3254.955,216628.295,75724.54,,3254.955,450068.525,373.955,2380.895,5777.52,281.845,3964.32,21530.67,70101.705,14641.295,,18605.615,646025.695,29852.785,151481.115
Germany,2017,6484.85,862.045,1927.335,182812.265,58340.61,3340.045,1927.335,455727.585,369.445,2315.3,5013.57,286.345,4160.035,19448.04,68612.045,13268.56,4528.48,17428.595,578911.68,27089.79,165490.3
Germany,2018,5754.44,964.665,1987.4,163401.625,48810.885,3845.64,1987.4,420899.265,316.38,2284.255,4331.225,267.825,4523.455,18400.2,68446.07,15793.555,5199.27,20317.01,541892.73,25250.46,175542.77
Germany,2019,6520.845,904.59,2076,155802.945,43624.985,6266.04,2076,416984.67,293.355,2259.72,4887.88,289.85,4793.765,18047.715,66622.155,15592.76,8019.15,20386.525,513278.02,24307.745,180090.165
Germany,2020,7216.665,887.565,2087.505,149357.875,37556.605,9529.445,2087.505,404522.815,359.93,2285.245,4476.375,297.355,5067.085,16956.365,65304.93,15497.11,13147.79,20564.195,466456.695,21478.795,183096.39
Germany,2021,9863.85,776.435,2558.075,121733.215,27150.61,19744.715,2558.075,397288.195,315.88,2534.045,7401.39,348.42,5211.26,15080.615,61244.06,15708.87,24943.46,20920.13,418186.295,19609.555,180741.095
Germany,2022,8292.95,863.535,2466.96,130459.045,32993.59,21154.385,2466.96,401187.405,307.37,2448.44,11320.585,319.885,6286.545,19120.445,72418.4,18588.305,27059.97,24874.85,522570.555,,170543.14
Germany,2023,6541.36,856.53,2659.195,148894.92,38956.31,22693.27,2659.195,,330.9,2523.53,,321.385,6561.885,22455.485,77363.465,19797.79,29711.205,26359.675,586873.72,,173647.165
Greece,2008,,83.24,,18670.28,9056.775,,,,70.145,15.135,,,117.035,1661.225,216.945,227.01,,344.05,27207.775,11881.455,6136.985
Greece,2009,,94.345,,20095.51,9509.445,,,,72.18,8.07,,,107.46,2378.75,240.65,358.705,,466.165,30396.02,13474.365,6376.965
Greece,2010,,97.37,,26441.175,12412.13,,,,88.79,87.28,,,108.465,3066.835,555.45,94.34,,257.795,34026.285,13917.55,5272.495
Greece,2011,,91.82,,30080.01,13908.425,,,,92.825,79.71,,,86.775,3347.83,718.905,90.805,,219.455,35575.475,16443.475,4936.99
Greece,2012,,93.335,,28997.22,14223.65,,,,83.245,70.125,,,84.255,3023.025,853.63,102.415,,245.19,31505.14,15723.56,5117.75
Greece,2013,,89.305,,24801.87,12890.595,,,,71.14,47.93,,,75.175,2481.85,812.315,94.35,,236.125,27149.51,14530.865,5284.09
Greece,2014,,78.21,,22023.225,11545.2,,,,52.98,29.265,,,67.615,1917.39,736.175,96.375,,235.13,25587.045,12607.335,5477.17
Greece,2015,,85.28,,23108.38,12121.62,,,,43.395,44.91,,,61.56,2177.875,819.48,130.695,,279.55,27829.465,13384.14,5443.175
Greece,2016,71.66,66.61,,22548.175,11818.59,130.195,,1912.575,40.875,30.785,13.12,204.38,78.22,2390.97,764.525,132.72,269.475,248.785,28844.02,13211.385,5594.4
Greece,2017,97.395,75.695,60.055,9887.475,4992.94,82.76,455.19,1641.605,39.36,39.36,14.635,231.63,78.725,2155.33,762.01,113.04,175.615,228.605,46763.275,17984.48,6456.91
Greece,2018,141.305,62.575,116.575,8895.05,4303.195,142.315,332.065,1606.82,47.44,37.345,13.12,169.06,79.23,2199.285,800.885,91.845,230.12,213.47,40549.535,12355.47,6826.975
Greece,2019,176.125,59.045,95.885,9839.4,4650.46,166.035,309.865,1618.955,38.355,36.335,18.17,190.26,91.85,2187.71,809.985,35.325,217.51,152.915,43312.63,10956.215,6860.88
Greece,2020,185.21,65.1,32.3,7010.805,3242.47,117.585,306.33,2048.435,36.84,36.84,19.175,199.345,86.8,1282.355,648.495,183.195,170.07,274.035,30757.805,7771.84,6471.315
Greece,2021,195.31,76.71,127.685,6744.07,2985.195,106.49,382.045,4313.015,44.915,31.29,40.375,180.675,130.715,1212.75,598.555,332.08,164.02,487.525,29744.46,7517.745,6045.085
Greece,2022,404.33,84.3,66.125,7179.995,3218.48,139.32,329.115,5191.16,39.88,49.47,62.09,172.635,168.09,1430.04,672.87,357.385,193.33,555.26,35905.015,9282.91,6069.98
Greece,2023,,96.92,74.205,6780.49,3187.82,150.43,316.005,,38.365,37.355,,220.6,147.905,1403.85,659.775,345.285,209.995,528.525,34659.15,9703.795,6417.54
Hungary,2008,,73.22,,21715.04,9715.26,,,,74.23,5.555,,,108.065,1579.57,6441.995,126.245,,234.31,64195.25,4030.73,2759.195
Hungary,2009,,68.68,,19036.91,8900.355,,,,70.195,7.07,,,115.135,1595.245,6457.24,216.135,,331.27,63247.8,4047.45,2281.015
Hungary,2010,,72.215,,22345.935,11099.24,,,,67.165,9.09,,,124.23,1714.955,7357.24,217.65,,341.88,81329.605,2962.29,2923.405
Hungary,2011,,67.165,,22863.19,11379.83,,,,71.71,6.06,,,98.98,1617.54,7177.16,218.67,,317.65,79404.295,3112.36,3024.49
Hungary,2012,,54.545,,23664.39,11989.01,,,,57.07,4.545,,,96.965,1533.285,7056.845,253.525,,350.495,80324.185,3495.34,2632.745
Hungary,2013,,53.03,,19034.175,10912.025,,,,69.695,3.535,,,125.25,1160.595,6756,217.675,,3017.145,62765.1,2874.72,2731.29
Hungary,2014,,53.535,,15092.77,12185.13,,,,65.155,1.515,,,160.61,986.89,6805.71,114.65,,390.415,54010.835,2425.815,3092.495
Hungary,2015,,43.435,,14442.57,10248.44,,,,102.025,5.555,,,191.93,727.305,6299.275,121.725,,851.555,56227.785,1603.61,3044.58
Hungary,2016,,48.995,488.925,,,136.375,588.425,22728.88,45.965,2.525,25.76,,302.04,557.615,,,264.16,303.05,47272.03,,2908.285
Hungary,2017,2560.37,36.365,507.63,,,723.815,647.035,12824.07,42.935,1.515,43.945,,297,424.79,,,825.34,297,40577.475,,3263.98
Hungary,2018,1829.52,29.8,945.065,,,105.57,1130.445,10645.265,41.925,1.515,121.73,,273.265,351.56,,,240.435,273.265,32423.225,,4051.515
Hungary,2019,1637.585,27.78,195.48,,,125.27,912.24,8554.65,29.295,2.525,94.96,,192.45,319.74,,,169.72,194.47,28774.96,,3304.47
Hungary,2020,2172.51,46.47,1022.865,,,135.875,1200.665,7804.58,38.895,5.555,152.04,,254.58,307.11,,,187.4,254.58,25478.655,,3285.285
Hungary,2021,1949.835,31.825,3105.59,,,197.005,3291.48,7808.43,33.845,2.02,177.305,,238.93,273.28,,,250.55,238.93,21432.01,,3521.32
Hungary,2022,2976.405,50.01,413.22,,,181.37,561.235,10529.565,42.94,3.535,269.25,,296.53,269.25,,,233.385,296.53,24558.88,,3747.28
Hungary,2023,5408.76,41.93,544.615,,,329.395,1069.525,,34.86,5.555,,,271.295,268.265,,,405.175,271.295,25732.29,,3328.82
Iceland,2008,,,,1798.36,,,,,0,,,,44.78,28.315,50.705,,,,3106.8,281.18,962.065
Iceland,2009,,2.625,,2313.715,635.55,,,,0.655,,,,51.21,39.395,51.87,,,,3669.51,358.48,846.96
Iceland,2010,,2.63,,1884.155,618.63,,,,1.315,,,,64.425,27.61,37.475,,,,3234.485,295.835,986.125
Iceland,2011,,1.97,,1248.32,402.745,,,,1.97,,,,84.095,27.595,39.42,,,,2761.41,291.055,1138.6
Iceland,2012,,3.94,,901.975,297.375,,,,0.655,,,,80.09,32.825,48.58,,,,2722.33,219.915,1230.2
Iceland,2013,,3.275,,715.64,250.345,,,,0.655,,,,117.965,32.11,60.29,36.7,,479.06,2688.24,156.63,1398.515
Iceland,2014,,3.27,,746.985,254.225,,,,1.305,,,,84.305,33.33,66.005,26.795,,273.83,2398.45,256.185,1535.795
Iceland,2015,,0.65,,829.905,262.075,,,,1.955,,,,116.045,34.55,55.415,29.335,,288.155,2628.58,44.98,1225.625
Iceland,2016,,3.9,,675.075,200.96,,,,0.65,,,,120.315,32.52,48.125,29.265,,323.88,2258.06,297.07,1200.57
Iceland,2017,,5.18,,686.645,248.1,,,299.92,1.945,,,,137.975,31.74,66.72,44.695,,308.34,2475.8,51.82,1405.025
Iceland,2018,,3.215,,827.53,326.895,1.93,,345.555,1.285,,66.925,,169.24,49.55,78.505,25.74,,354.565,2113.875,49.55,1441.425
Iceland,2019,,1.28,,743.11,,3.2,,381.475,0.64,,156.815,,137.615,34.565,62.085,45.445,103.69,421.16,2224.845,16,1391.49
Iceland,2020,,3.185,,674.915,247.275,21.03,,428.91,1.91,,183.545,,100.695,47.8,84.125,30.59,0,331.4,2232.505,18.48,1102.55
Iceland,2021,,5.085,,666.085,311.435,27.965,,407.405,1.27,,163.98,,134.105,38.135,76.27,36.23,0,410.585,2389.77,8.265,1071.585
Iceland,2022,,7.595,,687.32,234.17,15.19,,345.56,2.53,,98.73,,162.02,41.77,92.4,51.895,0,393.66,2160.69,13.925,1082.245
Iceland,2023,,6.92,,605.675,241.515,23.27,,,3.145,,,,110.695,63.525,121.385,44.025,0,316.99,2282.445,10.065,1136.505
Ireland,2008,,5.62,,12914.345,,,,,26.07,29.65,,,169.21,1190.11,1964.6,444.245,,613.455,39272.15,7392.7,11939.965
Ireland,2009,,3.575,,14055.135,,,,,27.085,42.925,,,186.025,1288.89,1900.115,552.965,,738.99,39307.055,6802.7,11177.875
Ireland,2010,,3.575,,13334.29,,,,,28.105,41.9,,,239.14,1652.54,1880.955,850.795,,1089.94,39168.945,5937.195,10114.03
Ireland,2011,,4.085,,14403.365,,,,,21.46,39.34,,,227.875,1509.31,1809.23,695.385,,923.265,39173.165,5355.145,8978.215
Ireland,2012,,4.595,,14529.785,,,,,26.565,33.205,,,233.485,1436.165,1641.555,704.03,,937.52,38886.935,4331.495,8369.225
Ireland,2013,,6.64,,13431.825,,,,,26.055,40.87,,,199.76,1427.94,1568.945,708.605,,908.365,40069.665,3759.645,7829.91
Ireland,2014,,7.665,,14137.905,,,,,27.075,30.65,,,245.175,1353.57,1615.6,706.92,,952.095,39646.3,3965.705,8102.515
Ireland,2015,,6.64,,13130.84,,,,,15.32,46.985,,,340.12,1237.91,1795.585,717.01,,1177.65,37135.275,2503.4,7432.06
Ireland,2016,,12.255,,9232.29,,146.025,,2502.86,17.36,37.785,,,355.365,998.18,1857.485,782.72,161.345,1299.425,31664.585,1734.435,7816.965
Ireland,2017,,6.635,,9578.605,,173.555,2.04,2013.215,19.91,40.325,,,428.27,1030.09,2093.36,863.685,185.295,1291.95,34160.89,1764.63,8303.5
Ireland,2018,18.885,7.145,,8482.545,,203.12,3.06,2323.12,19.905,43.38,,,525.66,1112.055,2320.055,906.385,215.88,1432.045,32903.87,1900.035,9050.565
Ireland,2019,52.04,13.775,,8374.855,,255.1,2.55,2874.95,16.325,44.385,129.59,,543.36,1038.76,2574.445,914.78,262.24,1458.14,33369.32,1829.05,10507.98
Ireland,2020,37.23,9.69,,5550.565,,226.43,4.08,3009.425,16.32,54.07,318.285,,533.435,714.475,2173.515,805.25,234.59,1338.685,24902.075,1318.025,11304.105
Ireland,2021,54.555,7.65,,4377.215,,258.505,4.59,7757.93,11.215,49.965,424.82,,565.955,599.605,2487.135,959.06,278.39,1525.015,22726.345,1416.235,9778.76
Ireland,2022,50.46,6.625,,4823.3,,280.335,4.585,5229.345,22.435,50.46,277.885,,561.18,717.915,3128.035,1064.255,310.915,1625.435,31782.385,2095.105,8484.985
Ireland,2023,39.74,7.135,,4872.715,,144.185,1.02,,17.32,53.495,,,511.525,824.345,2909.67,987.38,232.835,1498.905,35334.835,,8507.895
Italy,2008,,811.88,,,75509.02,,,,308.025,162.775,,,,32322.515,32951.585,2450.67,,,612595.165,115176.535,17070.055
Italy,2009,,674.14,,,75549.33,,,,295.5,174.795,,,,25408.995,32861.1,2485.705,,,577138.035,106884.35,17079.4
Italy,2010,,655.605,,,84724.4,,,,264.945,175.795,,,,24038.545,32487.795,2410.565,,,472809.95,98958.405,16408.175
Italy,2011,,700.68,,,102618.07,,,,276.465,178.3,,,,29152.025,34307.695,2312.39,,,520316.5,99554.42,17045.665
Italy,2012,,664.615,,,118877.315,,,,265.445,170.785,,,,31373.235,34822.03,2348.445,,,534232.455,98459.995,16954.5
Italy,2013,,612.025,,,125921.625,,,,253.425,162.77,,,,31938.42,33214.055,2247.76,,2247.76,652769.355,91896.71,16817.13
Italy,2014,,626.03,,,128153.495,,,,243.9,148.745,,,,19650.275,487.3,2132,,2380.91,659747.135,88375.655,16385.915
Italy,2015,,602.49,,,117556.045,,,,235.885,143.735,,,,17571.855,524.36,2003.29,,2259.21,615562.35,82961.235,15919.14
Italy,2016,,540.39,262.935,,107202.92,256.925,10669.06,91201.59,202.335,98.66,903.99,390.645,,16738.545,498.32,,1162.415,2260.22,567340.655,78600.35,17623.5
Italy,2017,4722.78,549.905,266.94,,98073.6,290.98,1788.95,97194.15,188.31,99.165,972.1,346.07,,15609.22,559.42,,1148.895,2561.72,535865.465,72999.285,19201.14
Italy,2018,6030.955,525.87,204.335,,95845.2,314.52,1686.285,109613.43,179.795,92.655,981.12,307.51,,14516.96,492.815,,1093.305,2694.95,509125.365,70682.67,19420.055
Italy,2019,7469.965,510.35,230.385,,82802.695,412.19,1737.4,139712.175,158.765,64.105,1110.855,278.465,,12431.25,503.34,,1162.94,2705.515,454033.775,65683.625,18880.51
Italy,2020,9010.08,438.735,204.845,,54843.3,551.425,1888.16,177140.51,142.74,58.6,1050.26,301.505,,10256.67,420.705,,1259.61,2463.125,306628.26,50605.71,16967.9
Italy,2021,10068.47,464.785,171.79,,62462.77,621.55,1924.245,220580.745,151.755,59.1,844.925,352.595,,11287.525,434.735,,1285.165,2887.865,351168.83,55178.495,14960.215
Italy,2022,16387.715,509.86,177.8,,67014.335,508.36,1838.61,205446.45,161.275,57.095,781.82,221.375,,13112.675,432.23,,1125.405,3412.77,422757.96,62988.525,14601.195
Italy,2023,14491.52,517.375,122.205,,73955.14,410.195,1382.34,,169.285,64.61,,200.84,,14379.33,405.185,,943.095,3376.715,444922.865,67166.155,15208.235
Kosovo*,2008,,82.145,,3220.43,1243.175,,,,59.125,24.07,,,26.16,220.275,1766.395,58.08,,84.24,8092.15,242.25,164.29
Kosovo*,2009,,95.695,,3081.62,1205.35,,,,38.175,26.145,,,23.01,306.435,1850.645,48.63,,71.64,7201.25,203.42,190.345
Kosovo*,2010,,78.92,,3668.435,1555.91,,,,55.4,22.475,,,17.245,295.815,1965.14,46.515,,63.765,7961.955,177.175,251.915
Kosovo*,2011,,103.99,,4013.905,1757.27,,,,32.73,16.365,,,12.67,332.03,1975.81,53.315,,65.985,9048.185,229.095,282.41
Kosovo*,2012,,161,,6989,3256,,,,90,33,,,33,527,3805,109,,142,16292,316,554
Kosovo*,2013,,168,,7655,6566,,,,41,34,,,32,510,653,48,,201,16962,386,533
Kosovo*,2014,,167,,7379,5348,,,,38,26,,,29,446,818,54,,95,8228,223,649
Kosovo*,2015,,156,,5681,4207,,,,27,24,,,31,284,393,55,,94,12295,280,401
Kosovo*,2016,95.61,77.65,25.355,3145.04,2359.57,3.17,137.34,284.185,15.32,11.62,2.115,2.64,14.79,152.13,191.745,29.58,180.65,52.295,6651.91,155.825,309.54
Kosovo*,2017,81.315,70.755,23.235,2730.995,,3.17,,282.5,17.425,8.45,2.64,2.64,15.315,161.58,174.78,26.4,184.81,232.865,2940.625,123.03,701.23
Kosovo*,2018,,73.365,20.585,2745.62,,4.22,,331.46,22.695,8.445,1.585,1.055,16.89,169.95,160.45,24.28,146.2,191.59,2939.325,112.95,813.34
Kosovo*,2019,,61.23,10.555,2194.25,,2.11,,347.32,12.14,11.085,3.165,1.585,26.39,108.21,145.155,32.2,21.115,80.76,2552.13,78.12,782.795
Kosovo*,2020,,60.725,21.12,2027.21,,2.64,,247.13,14.785,7.92,2.11,2.64,31.685,88.185,144.685,29.57,,,2230.51,61.255,640.535
Kosovo*,2021,,110,,3584,,5.28,,,26,10,,,100,171,316,73,,,4621,138,315
Latvia,2008,,10.455,,1472.76,897.67,,,,51.76,1.57,,,52.28,753.37,703.705,,,,13511.56,1152.8,1313.305
Latvia,2009,,0,,1504.485,946.32,,,,56.495,4.71,,,36.095,793.045,635.59,,,,15255.685,1096.455,1206.835
Latvia,2010,,6.805,,803.695,418.865,,,,36.65,4.19,,,40.84,561.275,641.91,,,,13434.52,754.48,1146.115
Latvia,2011,,11.53,,,,,,,36.165,3.67,,,26.205,548.735,608.48,,,,,,1030.905
Latvia,2012,,6.82,,512.39,383.375,,,,50.87,0.525,,,33.565,494.56,694.9,,,,11192.335,477.25,1442.245
Latvia,2013,,2.625,,501.095,368.87,,,,36.205,9.445,,,38.305,481.155,240.315,159.51,,237.165,10821.005,706.78,858.945
Latvia,2014,,2.1,,321.29,226.79,,,,40.425,8.925,,,39.375,424.71,298.715,193.72,,290.315,10803.075,694.55,1415.875
Latvia,2015,,1.05,,263.115,133.92,,,,42.54,8.93,,,31.51,409.11,280.445,127.62,,244.73,10181.57,778.835,1853.345
Latvia,2016,,7.355,121.89,3344.135,910.51,163.925,150.79,938.355,58.32,4.205,63.045,,74.605,342.03,345.185,43.61,174.955,115.585,7654.995,512.26,1399.125
Latvia,2017,2.63,9.46,65.705,2749.62,751.14,83.05,97.245,790.035,57.295,2.105,64.655,,84.63,317.485,345.345,58.87,98.295,137.72,7639.645,179.77,1571.135
Latvia,2018,9.465,12.095,77.3,2564.56,674.665,83.61,127.255,924.44,53.11,5.26,103.065,,92.55,280.805,339.7,69.94,102.015,155.125,7386.59,176.16,1370.885
Latvia,2019,2.63,15.78,54.18,2214.635,540.77,99.42,186.22,831.145,47.87,6.84,176.225,,89.955,259.34,336.14,71.54,128.88,159.39,6896.94,237.77,1238.83
Latvia,2020,2.63,10.525,63.67,2001.175,438.335,100.505,95.77,910.87,48.94,6.315,218.375,,106.295,228.9,313.62,60.515,117.87,162.6,6734.96,405.71,1039.265
Latvia,2021,8.425,10,77.38,1462.895,274.785,119.495,107.915,1565.015,51.59,3.16,222.145,,90.545,138.445,289,91.07,153.71,176.345,4158.64,224.775,770.14
Latvia,2022,21.595,12.64,79,1454.625,250.16,102.17,102.7,1222.895,40.025,5.265,243.84,,127.45,147.465,283.87,89.005,115.865,210.135,5066.955,265.96,666.745
Latvia,2023,4.74,12.11,48.97,1251.09,221.68,87.935,82.67,,41.6,8.425,,,149.015,169.025,283.285,147.435,109.525,290.13,5640.44,240.635,710.845
Liechtenstein,2008,,1.915,,204.82,200.99,,,,1.915,0,,,5.745,1.915,168.45,,,,340.725,30.625,401.98
Liechtenstein,2009,,0,,371.46,367.65,,,,0,0,,,0,3.81,171.445,,,,382.89,13.335,680.06
Liechtenstein,2010,,0,,193.085,,,,,1.895,0,,,0,3.785,145.76,,,,329.38,5.68,1005.18
Liechtenstein,2011,,5.65,,184.55,169.485,,,,0,0,,,3.765,1.885,146.885,,,,346.5,1.885,817.295
Liechtenstein,2012,,0,,261.91,95.41,,,,0,0,,,7.485,9.355,129.085,,,,368.55,11.225,480.795
Liechtenstein,2013,,0,,232.16,170.87,,,,0,0,,,5.57,1.855,191.3,72.435,,11.145,432.75,9.285,802.35
Liechtenstein,2014,,1.845,,409.96,214.21,,,,1.845,0,,,9.235,1.845,221.6,25.855,,14.775,395.185,9.235,698.035
Liechtenstein,2015,,0,,308.805,187.49,,,,0,0,,,3.675,5.515,148.885,29.41,,16.545,354.755,25.735,507.32
Liechtenstein,2016,,0,0,257.89,140.835,,7.315,320.075,0,0,124.375,1.83,3.66,7.315,129.86,12.805,,16.46,358.485,56.7,815.74
Liechtenstein,2017,,,,231.445,,,10.935,236.91,1.82,,89.3,,9.11,3.645,151.26,,,14.58,271.54,3.645,892.975
Liechtenstein,2018,,,,253.66,,,25.365,284.46,1.81,,88.78,,9.06,3.625,143.135,,,16.305,293.52,9.06,1291.85
Liechtenstein,2019,,1.805,,192.905,,,19.83,322.705,0,0,126.2,,1.805,3.605,137.015,,,10.815,320.905,7.21,1429.645
Liechtenstein,2020,,,,105.635,,,17.905,315.115,1.79,0,103.845,,5.37,7.16,153.975,,,19.695,238.125,10.745,1894.265
Liechtenstein,2021,,7.12,,197.605,,26.705,24.925,327.565,,0,112.155,,3.56,3.56,106.815,,,10.68,327.565,10.68,850.955
Liechtenstein,2022,,0,,244.535,,38.985,19.49,349.085,0,0,124.04,,7.09,3.545,180.745,,,24.81,450.09,24.81,825.755
Liechtenstein,2023,,0,,327.395,,8.8,22.88,,0,0,,,8.8,10.56,163.695,,,35.205,431.245,19.36,1341.255
Lithuania,2008,,7.735,,,3132.565,,,,147.45,31.45,,,84.55,1779.725,129.405,105.175,,189.725,15265.84,1316.235,947.09
Lithuania,2009,,9.8,,,2990.57,,,,123.77,30.425,,,76.84,1734.315,113.455,109.845,,186.685,15666.58,1014.39,1128.875
Lithuania,2010,,9.285,,,2530.555,,,,102.665,35.6,,,107.31,1406.895,126.4,157.87,,265.18,13687.185,1062.78,1142.235
Lithuania,2011,,11.875,,,2107.345,,,,97.595,24.785,,,98.63,1291.98,106.375,174.535,,273.165,14096.645,933.1,1164.95
Lithuania,2012,,9.3,,,1821.695,,,,93.515,33.58,,,91.965,993.51,91.965,135.88,,227.84,12129.825,890.7,1553.04
Lithuania,2013,,7.235,,1687.43,1687.43,,,,88.895,23.775,,,68.74,964.395,109.05,63.055,,131.79,14446.27,777.305,1216.605
Lithuania,2014,,9.825,,1727.77,1727.77,,,,80.135,0,,,81.685,872.675,105.465,82.2,,163.885,14421.345,648.82,1337.445
Lithuania,2015,,10.86,,1550.83,1550.83,,,,86.875,0,,,80.155,822.215,110.665,55.85,,136,11781.45,588.48,1305.2
Lithuania,2016,257.105,9.83,32.075,1374.49,1374.49,70.355,393.675,1484.68,73.46,0,16.555,0,56.905,694.23,111.74,50.695,140.19,107.6,10327.055,653.36,1183.605
Lithuania,2017,325.545,8.28,44.51,1340.47,1340.47,76.6,387.65,1552.155,58.485,0,10.87,1.035,64.175,563.1,92.125,52.79,172.345,116.97,8819.165,517.04,1357.035
Lithuania,2018,282.2,16.05,19.675,1026.8,1026.8,84.4,287.38,1441.04,50.225,0,28.48,4.66,60.065,425.63,95.795,53.335,215.925,113.4,6644.935,407.51,1667.32
Lithuania,2019,227.355,7.77,39.36,849.865,849.865,97.88,256.36,1543.845,43.505,0,26.93,0,48.68,344.4,78.72,49.72,216.48,98.4,5646.085,344.92,1594.595
Lithuania,2020,238.23,5.695,162.1,633.905,633.905,119.635,285.36,1392.1,51.27,0.52,42.985,5.18,37.29,248.07,77.685,27.965,249.625,65.255,4892.555,294.165,1522.61
Lithuania,2021,365.11,3.105,181.26,425.7,425.7,105.65,323.16,1697.625,36.25,0.52,21.75,2.59,35.215,160.545,65.255,40.915,181.26,76.13,4006.355,172.455,1628.745
Lithuania,2022,474.84,6.73,174.505,420.47,420.47,132.56,271.855,2054.705,32.105,0,19.675,3.105,34.695,177.095,75.085,38.32,222.145,73.01,4985.56,208.68,1594.88
Lithuania,2023,329.645,2.07,83.835,375.705,375.705,122.13,170.255,,35.705,0,,2.07,47.61,175.95,70.38,46.055,234.945,93.665,5223.635,173.36,1972.19
Luxembourg,2008,,50.68,,1682.74,900.195,,,,4.225,19.91,,,34.39,196.69,1397.96,,,,4236.11,207.55,810.295
Luxembourg,2009,,47.505,,1774.485,985.56,,,,3.005,24.055,,,33.675,251.35,1413.095,182.8,,216.475,4256.725,251.95,1342.14
Luxembourg,2010,,46.17,,1446.805,810.645,,,,4.795,16.19,,,39.575,226.045,357.355,155.895,,195.465,4327.83,250.63,1543.34
Luxembourg,2011,,53.195,,2139.12,1287.415,,,,2.39,28.09,,,41.84,237.88,407.025,169.745,,211.58,5244.7,272.545,1757.795
Luxembourg,2012,,65.48,,1882.82,1108.385,,,,1.785,33.93,,,45.24,313.705,402.995,191.675,,236.915,5502.03,221.44,1537.57
Luxembourg,2013,,49.23,,2015.955,1321.435,,,,1.185,28.47,,,52.785,345.185,422.88,187.42,,211.74,6129.13,1355.24,1910.98
Luxembourg,2014,,49.64,,2581.32,1959.04,,,,2.365,30.73,,,43.14,363.44,430.22,213.93,,212.155,6062.68,1323.755,2476.13
Luxembourg,2015,,38.275,,1242.99,1587.45,,,,2.945,31.205,,,40.04,326.205,358,169.58,,193.13,5412.99,177.825,2752.715
Luxembourg,2016,,42.245,2.935,1110.165,1245.71,,2.935,580.315,2.935,29.34,,12.91,62.195,269.325,333.87,,,154.32,5840.69,142,2335.925
Luxembourg,2017,,43.265,0.585,1183.33,,,0.585,343.775,1.17,26.895,,14.615,49.11,265.43,342.02,,,136.225,5899.12,168.38,1568.615
Luxembourg,2018,,40.23,1.75,2138.065,,,1.75,376.655,1.75,20.99,,16.91,44.31,261.79,356.245,,,132.355,6012.47,170.835,1750.915
Luxembourg,2019,,34.305,0.58,2053.09,,,0.58,432.595,2.325,25.585,,10.465,67.45,265.72,370.38,,,172.11,5770.865,937.295,2464.175
Luxembourg,2020,,55.665,2.9,1730.3,623.93,,2.9,855.29,1.16,24.355,,20.875,60.305,273.695,281.81,,,167.58,5368.33,1022.29,2678.365
Luxembourg,2021,,39.935,2.315,1797.67,663.855,,2.315,1330.6,1.735,21.415,,35.305,63.665,344.37,317.17,,,201.415,6309.79,1046.425,2183.715
Luxembourg,2022,,51.97,0,2361.86,,,0,2707.765,5.195,30.03,,40.425,75.65,376.51,401.92,,4.04,226.37,9392,1385.93,2070.815
Luxembourg,2023,,,,2287.115,,,,,2.305,,,,84.045,329.855,393.18,,,175.58,12818.905,1337.845,1801.255
Malta,2008,,3.115,,830.55,419.63,,,,3.735,0,,,11.83,91.52,122.03,37.98,,49.81,4137.795,247.795,112.07
Malta,2009,,3.73,,721.765,414.66,,,,2.485,0,,,7.46,125.58,107.55,43.515,,50.975,3406.785,249.29,116.255
Malta,2010,,2.485,,749.885,436.4,,,,2.485,0,,,6.83,121.67,111.74,49.66,,56.49,3951.17,230.925,112.36
Malta,2011,,3.725,,810.355,455.435,,,,1.86,0,,,11.17,135.885,112.31,31.645,,42.815,4340.295,225.855,110.445
Malta,2012,,3.72,,796.375,501.375,,,,6.195,0,,,8.055,159.275,107.835,42.765,,50.82,4429.955,189.645,125.81
Malta,2013,,1.855,,732.735,393.265,,,,3.71,0,,,9.28,128.065,134.87,48.875,,58.155,4375.995,200.96,128.68
Malta,2014,,3.09,,767.46,466.025,,,,3.705,0,,,6.795,117.335,98.805,40.76,,47.55,4168.95,149.175,118.355
Malta,2015,,0.615,,638.88,361.48,,,,2.465,0,,,14.18,148.52,112.81,49.935,,64.11,4523.09,140.54,96.355
Malta,2016,,0.61,0.61,658.665,389.825,1.835,3.055,305.505,3.055,0,47.05,0,16.495,158.25,122.2,37.27,,53.77,4572.79,156.42,132.59
Malta,2017,113.815,3.65,0.61,771.13,430.3,4.87,1.825,478.99,5.48,0,35.3,0,11.565,122.94,113.205,35.91,,47.475,4130.135,202.065,188.675
Malta,2018,135.545,3.63,1.21,732.785,445.965,2.42,4.84,624.47,3.63,0,19.97,0,10.89,125.86,110.735,45.385,,56.275,3091.495,191.82,210.58
Malta,2019,126.875,3.005,0.6,763.655,437.15,1.205,2.405,494.275,2.405,0,21.645,0,18.64,104.625,120.26,52.915,,71.555,3118.97,147.32,95.605
Malta,2020,191.095,2.39,0.595,618.67,309.93,4.775,9.555,484.9,3.585,0,63.895,0,10.15,76.44,109.28,42.995,,53.15,2038.735,137.35,100.325
Malta,2021,237.56,4.775,3.58,521.075,276.355,11.94,15.52,1418.785,1.195,0,107.44,0,19.1,60.285,102.065,63.27,,82.37,2091.47,151.61,362.305
Malta,2022,279.51,2.98,2.98,533.995,232.43,9.54,13.705,930.91,4.77,0,77.475,0,23.245,78.67,131.115,60.79,11.92,84.03,2135.975,184.75,125.78
Malta,2023,506.365,1.185,2.37,496.89,225.645,5.92,45.605,,1.185,0,,0,37.31,104.235,129.7,55.67,8.29,92.98,2200.77,176.49,118.45
Montenegro,2008,,10.46,,949.145,,,,,12.785,1.745,,,9.88,3.485,113.92,13.37,,23.25,461.495,12.785,267.365
Montenegro,2009,,23.82,,972.04,,,,,5.81,1.745,,,5.23,4.065,108.07,22.08,,27.31,381.145,29.63,231.245
Montenegro,2010,,24.395,,802.05,,,,,7.55,1.16,,,2.905,1.74,112.09,22.65,,25.555,307.81,23.23,178.3
Montenegro,2011,,9.87,,716.54,,,,,11.035,1.74,,,1.74,83.615,93.485,12.195,,13.935,390.785,27.87,183.49
Montenegro,2012,,9.29,,802.975,,,,,8.71,0,,,1.74,67.93,97.54,12.195,,13.935,497.58,24.965,108.575
Montenegro,2013,,23.22,,685.605,,,,,5.225,0.58,,,2.32,93.465,100.43,11.03,,14.515,429.01,22.64,99.85
Montenegro,2014,,31.345,,552.005,,,,,11.03,0,,,2.9,109.125,74.88,15.09,,17.995,517.76,12.19,103.9
Montenegro,2015,,23.215,,544.97,,,,,9.865,0,,,2.9,90.54,81.25,12.19,,15.09,479.97,18.57,106.79
Montenegro,2016,,20.315,11.605,491.565,,,46.43,28.44,13.93,1.16,,15.67,1.16,74.285,74.285,9.285,,12.77,293.66,22.055,119.555
Montenegro,2017,0.58,29.595,2.32,524.045,,1.74,44.105,,6.385,0,,33.08,5.805,68.48,85.31,4.06,,13.35,291.91,17.99,134.06
Montenegro,2018,0.58,21.475,2.32,395.21,,,140.44,3.48,7.545,0,106.78,70.22,4.645,71.38,88.79,7.545,,13.35,255.35,17.99,142.765
Montenegro,2019,3.48,24.375,0.58,362.145,,2.9,99.82,26.115,12.19,1.16,20.895,36.565,2.32,55.135,66.74,16.25,,21.475,239.69,16.25,172.37
Montenegro,2020,2.9,21.475,3.48,254.795,,,89.38,33.665,9.285,,23.215,64.425,5.225,27.86,74.87,8.125,,15.67,185.73,19.155,163.095
Montenegro,2021,5.225,20.9,4.645,267.055,,2.32,103.34,23.22,8.13,1.16,5.805,29.025,4.645,33.67,68.505,13.935,,20.9,195.645,20.9,201.45
Montenegro,2022,2.905,15.685,6.97,268.4,,,195.2,22.655,4.065,0.58,1.16,14.525,9.295,27.305,74.36,11.62,,23.24,197.52,19.17,181.835
Montenegro,2023,0.58,19.175,5.23,257.415,,6.39,60.43,,2.905,0.58,,66.825,8.715,15.69,87.745,14.525,8.135,23.245,192.92,52.88,221.39
Netherlands,2008,,754.57,,144699.18,45900.595,,,,75.455,382.315,,,978.43,6627.655,34712.81,4301.06,,5279.485,354226.125,10898.53,9495.025
Netherlands,2009,,1529.725,,142753.195,47576.855,,,,77.465,314.395,,,965.825,8181.83,33044.23,4187.75,,5153.57,353790.595,10991.27,9346.35
Netherlands,2010,,1932.085,,62049.61,39652.8,,,,,326.96,,,824.945,8194.14,3322.425,1247.48,,2751.5,190877.19,20402.355,8407.92
Netherlands,2011,,1990.38,,62608.655,41693.83,,,,,289.225,,,787.2,7839.285,3297.18,1094.03,,2610.58,197634.5,20572.78,7990.185
Netherlands,2012,,1818.305,,60889.285,43161.45,,,,,301.795,,,726.82,7514.65,3121.045,1041.185,,2447.04,197561.34,19702.065,8120.75
Netherlands,2013,,1639.715,,60593.98,42992.2,,,,73.94,264.065,,,626.21,6712.265,2806.625,980.81,,2223.17,197140.425,19344.605,8090.43
Netherlands,2014,,,,51989.6,35829.14,,,,72.43,208.735,,,563.625,5256.045,2685.865,912.89,,2157.745,183770.52,18833.75,7641.64
Netherlands,2015,,,,48580.755,33358.72,,,,60.355,218.785,,,636.24,4893.785,2565.09,860.06,,2092.305,168551.435,18063.755,6953.4
Netherlands,2016,,,,42551.645,28529.545,,3472.835,31685.02,54.32,211.235,306.795,,772.02,4516.445,2524.785,1114.025,228.84,2381.445,152922.88,15722.055,6261.665
Netherlands,2017,1166.79,,,37566.145,24809.395,,3389.73,,79.46,201.17,352.05,,885.15,4010.845,2406.505,1106.44,216.26,2416.565,130305.91,13956.23,5894.305
Netherlands,2018,1481.07,,,31733.63,21192.635,,3334.295,,59.845,213.735,453.12,,975.645,3915.155,2303.33,1194.41,231.34,2592.5,117673.44,13666.585,6276.32
Netherlands,2019,2446.575,,,29645.55,19771.245,,3321.61,,62.86,256.475,693.995,,1033.445,4319.85,2434.005,1128.995,286.65,2162.44,117606.595,14407.89,7002.785
Netherlands,2020,,,,25065.67,15958.655,,2961.92,,60.85,261.495,978.085,,1038.43,3673.48,2624.995,983.115,233.835,2021.545,102958.075,13889.335,6436.765
Netherlands,2021,,,,18706.435,12121.47,,2675.22,,63.36,231.315,1247.095,,1209.38,2790.88,2298.075,1138.98,251.43,2348.36,92496.28,11296.775,5833.19
Netherlands,2022,,,,18823.905,11947.535,,2743.005,,71.905,223.765,771.865,,1460.755,3001.97,2479.015,1503.5,284.105,2964.255,117142.17,13463.605,5910.915
Netherlands,2023,,,,17671.16,11066.785,,2727.73,,62.85,226.265,,,1214.28,3016.845,2300.345,1282.16,304.2,2498.95,123419.055,12135.25,6828.12
North Macedonia,2008,,21.5,,6097.755,705.905,,,,18.355,7.34,,,21.5,240.195,111.705,,,,3475.515,304.705,217.645
North Macedonia,2009,,24.125,,6030.675,845.345,,,,18.355,8.39,,,19.405,313.07,119.565,,,,3012.19,318.315,288.95
North Macedonia,2010,,19.925,,7025.87,844.215,,,,20.45,8.915,,,14.68,316.71,130.04,,,,2843.595,276.335,303.08
North Macedonia,2011,,20.45,,7584.055,1132.495,,,,14.155,7.34,,,21.495,268.97,125.31,,,,2910.935,255.335,308.815
North Macedonia,2012,,25.165,,7856.25,1041.735,,,,14.68,9.96,,,22.545,245.885,110.62,,,,3163.47,194.505,311.42
North Macedonia,2013,,27.26,,7920.815,1383.48,,,,10.485,9.435,,,19.92,245.345,113.235,59.24,,79.16,2899.075,265.79,
North Macedonia,2014,,39.315,,6871.265,1510.23,,,,13.105,4.195,,,23.59,159.88,111.655,,,70.77,2612.11,284.12,11.53
North Macedonia,2015,,24.635,,,,,,,11.005,5.765,,,21.49,145.72,80.72,,,62.9,,,8.91
North Macedonia,2016,,30.4,,,,,,,8.91,5.24,,,18.87,129.985,90.675,,,59.75,,,16.25
North Macedonia,2017,,29.35,,,,,,,13.105,3.67,,,18.345,218.555,77.57,,,53.46,,,
North Macedonia,2019,,12.58,3.67,,,,3.67,,11.53,7.86,,,18.345,200.72,84.375,,,45.595,,,469.57
North Macedonia,2020,,,3.145,,,,3.145,,5.24,1.05,,,19.915,138.36,75.99,,,59.22,,,384.15
North Macedonia,2021,,16.25,3.67,,,,3.67,,6.815,4.195,,,13.105,144.145,77.575,,,48.75,,,367.44
North Macedonia,2022,,15.29,8.435,,,,8.435,,9.49,3.69,,,9.49,169.765,72.23,,,46.92,,,394.885
North Macedonia,2023,59.59,12.655,11.6,,,5.8,11.6,,12.13,6.855,,,17.4,155.56,79.1,,,68.55,,,429.77
Northern Ireland (UK) (NUTS 2021),2008,,63.915,,6360.045,3719.36,,,,12.68,43.845,,,194.395,606.95,818.25,744.295,,938.685,12878.56,1624.875,320.645
Northern Ireland (UK) (NUTS 2021),2009,,60.19,,6704.98,3972.615,,,,15.31,43.295,,,222.815,694.31,847.43,711.205,,934.02,15104.81,1550.185,333.165
Northern Ireland (UK) (NUTS 2021),2010,,62.28,,6255.4,3755.775,,,,12.14,29.555,,,262.84,711.995,765.83,723.075,,985.915,12444.83,1489.96,391.62
Northern Ireland (UK) (NUTS 2021),2011,,58.565,,5931.63,3670.73,,,,12.135,34.825,,,289.14,669.565,762.955,681.7,,970.84,12916.415,1272.645,425.27
Northern Ireland (UK) (NUTS 2021),2012,,61.19,,5022.22,3095.305,,,,11.075,23.735,,,265.325,548.59,674.13,715.275,,980.6,12566.89,1108.255,481.07
Northern Ireland (UK) (NUTS 2021),2013,,53.79,,4812.275,3060.87,,,,10.545,31.115,,,286.365,511.025,576.42,520.515,,1135.435,14391.465,1118.555,2344.7
Northern Ireland (UK) (NUTS 2021),2014,,58.52,,4686.405,3011.975,,,,8.965,23.195,,,362.195,477.655,617.895,608.93,,1361.265,14145.675,1067.61,2609.71
Northern Ireland (UK) (NUTS 2021),2015,,59.03,,4831.12,3215.65,,,,12.65,34.26,,,396.895,426.935,635.645,686.26,,1533.81,13549.705,894.46,2836.23
Northern Ireland (UK) (NUTS 2021),2016,,41.1,,3895.92,2615.02,,,,9.485,42.68,,,436.8,354.62,585.39,719.25,,1676.675,12667.79,822,2893.87
Northern Ireland (UK) (NUTS 2021),2017,,52.15,,3592.68,,,,,12.645,35.295,,,501.5,298.69,554.705,745.4,,1767.895,12330.485,742.24,3290.305
Northern Ireland (UK) (NUTS 2021),2018,,38.97,,3364.26,,,,,12.115,43.185,,,574.05,327.05,559.83,770.495,,1907.01,12733.42,764.7,3595.985
Norway,2008,,25.015,,11239.355,4148.26,,,,17.36,,,,741.325,815.865,1674.11,769.405,,1664.915,76942.145,6076.115,18449.92
Norway,2009,,23.48,,12084.665,4611.63,,,,14.8,,,,755.925,906.505,1578.725,737.55,,1653.24,81699.085,6132.165,19271.35
Norway,2010,,23.985,,10868.195,3716.965,,,,14.8,,,,737.88,860.86,1492.605,799.115,,1693.145,77173.48,5540.75,22460.495
Norway,2011,,19.895,,9174.245,2953.84,,,,56.63,,,,826.97,827.995,1447.33,848.395,,1842.705,75569.275,4753.69,21054.89
Norway,2012,,25.5,,8869.905,3053.54,,,,13.77,,,,839.505,756.88,1418.39,808.39,,1823.86,79240.555,4056.255,22516.73
Norway,2013,,29.065,,8025.8,2783.025,,,,23.965,,,,812.78,850,1308.4,831.645,,1797.9,74414.585,3382.665,24111.06
Norway,2014,,30.585,,7590.755,2566.785,,,,14.785,,,,830.955,541.905,1211.77,921.19,,1909.67,67301.275,3357.47,23128.09
Norway,2015,,31.09,,,,,,,12.23,,,,970.425,474,1141.17,1079.495,,2221.685,58525.275,2734.42,21201.575
Norway,2016,,20.895,,,,209.95,23.44,10885.47,13.76,,58.095,,1138.945,412.77,1120.6,1490.565,290.98,2833.35,53256.305,2276.875,18439.205
Norway,2017,,24.965,,,,463.145,41.78,10126.485,14.265,,59.105,,1175.945,397.925,1076.08,1476.045,563.515,2871.08,47985.025,2067.075,17111.85
Norway,2018,,35.66,,,,631.2,18.34,11478.74,12.735,,47.89,,1306.21,401.44,1002.58,1392.815,749.39,2952.725,47031.665,2069.35,16115.17
Norway,2019,,34.64,,,,433.995,23.94,10713.365,14.265,,71.315,,1119.115,448.765,1084.48,1268.875,531.795,2580.03,48159.2,1966.73,14666.695
Norway,2020,,44.31,,,,536.82,20.375,9675.97,15.79,,79.96,,1137.81,487.925,909.635,1216.755,641.23,2577.135,44065.44,2068.33,13139.315
Norway,2021,,42.27,,,,769.005,15.785,9639.54,14.77,,93.705,,1258.415,390.105,800.07,1425.46,888.175,2941.06,40300.385,1602.175,8921.465
Norway,2022,,39.21,,,,752.11,20.88,11736.415,15.275,,95.735,,1147.775,460.33,983.805,1278.64,890.62,2637.23,50571.27,2046.03,7614.82
Norway,2023,,55.495,,,,792.685,14.255,,20.365,,,,1183.68,703.59,1043.675,1267.68,909.78,2678.93,56508.57,2630.565,8220.075
Poland,2008,,149.39,,62195.75,10473.405,,,,230.605,18.55,,,807.615,10570.16,,,,,107488.27,8857.68,28766.275
Poland,2009,,133.35,,67869,11126.1,,,,247.145,29.575,,,767.005,9658.76,6295.965,,,,104369.965,8658.145,34233.53
Poland,2010,,120.815,,70226.71,12093.22,,,,218.575,13.035,,,785.56,9704.955,5519.98,,,,102226.15,8291.25,36282.67
Poland,2011,,104.775,,67983.64,12805.555,,,,225.09,5.515,,,750.97,8887.79,5365.56,,,,115425.955,8309.275,37365.41
Poland,2012,,100.765,,64148.59,13447.735,,,,188.995,158.415,,,717.88,8364.415,4873.27,,,,115678.61,8136.32,38279.3
Poland,2013,,116.805,,59422.71,11470.555,,,,148.39,223.085,,,394.035,9792.16,4570.98,217.57,,1531.515,106350.175,9140.955,36064
Poland,2014,,105.275,,53588.585,6298.02,,,,141.37,146.385,,,397.545,6952.24,4134.85,192.505,,1469.355,84505.195,8563.965,31986.915
Poland,2015,,86.225,,47464.56,5722.52,,,,143.88,123.325,,,329.365,5118.43,3487.655,211.055,,1381.125,72797.04,7675.14,27581.38
Poland,2016,1569.12,85.225,3091.12,40069.26,,1001.13,3555.34,54466.58,128.335,,169.445,243.14,396.54,4829.685,3820.535,257.175,1539.545,1581.655,63362.45,7188.885,30304.105
Poland,2017,1440.285,110.79,2513.1,33945.16,10587.81,966.035,3718.265,64688.91,139.365,,185.99,288.76,359.945,4067.685,3661.615,228.6,1650.335,1614.74,53602.29,6240.89,32411.13
Poland,2018,1429.755,115.305,4506.335,34665.04,9720.53,1749.595,5031.215,58869.61,132.85,,240.13,229.1,378.995,3409.455,3313.705,209.05,2346.665,1668.38,49546.625,5499.945,30115.59
Poland,2019,2777.295,146.885,2047.88,35790.005,9435.28,6825.425,3128.72,70199.885,102.77,,646.7,247.15,355.935,3245.025,3214.445,288.76,7373.87,1784.69,51427.575,5454.825,33503.5
Poland,2020,3065.555,164.935,2539.17,37349.135,9156.56,2690.57,3762.385,69275.525,130.845,,325.355,437.15,284.75,2650.965,2695.585,180.475,3278.115,1473.37,49389.275,5559.105,33362.66
Poland,2021,3093.655,157.415,2485.05,36834.085,8974.655,2007.79,3062.57,88688.76,132.85,,425.62,449.185,291.77,2443.44,2413.86,176.965,2847.505,1611.245,54503.66,5283.925,34903.495
Poland,2022,3654.68,119.815,1540.08,35221.29,,1290.99,2693.635,87503.27,129.345,,528.9,542.94,295.785,2422.415,2572.815,179.475,2725.22,1690.48,60611.04,4573.615,35146.09
Poland,2023,2901.875,132.86,1441.41,32338.75,8355.675,2629.135,1719.165,,147.4,,,476.29,250.18,2332.33,2579.5,200.545,3341.565,1762.28,58750.915,3965.26,33764.62
Portugal,2008,,,,27130.165,14972.04,,,,62.585,248.33,,,158.49,10525.805,383.6,977.675,,1136.165,64079.495,12756.745,1882.165
Portugal,2009,,,,24891.94,13145.785,,,,65.615,272.05,,,190.285,10332.905,365.425,1099.815,,1290.1,61173.195,11376.19,2153.7
Portugal,2010,,,,25564.515,13452.535,,,,62.585,252.87,,,214.005,10317.665,435.58,899.425,,1113.43,47981.54,10251.04,2299.04
Portugal,2011,,,,26289.325,14287.37,,,,57.54,255.9,,,188.77,10282.34,409.84,912.55,,1101.32,49664.34,9842.22,2126.93
Portugal,2012,,,,22129.435,12694.785,,,,61.58,211.485,,,189.28,9344.805,353.825,887.845,,1077.12,51620.545,8025.41,2340.995
Portugal,2013,,,,19378.03,11208.87,,,,72.685,218.06,,,174.145,8374.095,292.765,904.04,,1078.185,47903.46,7470.055,2347.17
Portugal,2014,,,,17471.97,9748.605,,,,46.44,189.805,,,188.795,7871.775,273.6,987.885,,1176.675,45957.05,6927.305,2398.28
Portugal,2015,,,,14834.62,8171.005,,,,50.48,186.28,,,189.305,7810.565,236.76,1044.975,,1234.285,49691.39,6066.415,2674.535
Portugal,2016,404.375,,34.835,13223.14,7253.975,,76.735,9835.195,33.32,149.43,9.085,5.05,169.12,6720.87,263.02,1079.335,,1248.455,45084.285,5821.25,2900.78
Portugal,2017,492.735,,42.405,11547.43,6209.655,,88.855,11577.72,38.37,147.415,12.62,5.05,205.98,6000.14,294.83,1075.33,,1281.31,44699.91,5176.73,3271.93
Portugal,2018,466.49,,35.845,11526.93,6139.585,,83.805,12074.705,40.895,137.825,15.65,3.03,212.545,5323.735,292.315,1030.92,79.77,1243.465,44209.965,4979.925,3301.775
Portugal,2019,665.915,,35.34,10820.275,5533.83,,85.825,15638.71,36.855,170.645,18.175,4.04,217.595,5516.16,333.715,1146.045,131.77,1363.64,41459.55,4733.62,2902.47
Portugal,2020,844.12,,31.3,9659.415,4628.525,,77.75,18681.2,40.895,128.235,23.73,2.525,159.03,4531.59,290.795,1069.79,251.925,1228.82,32895.93,4384.17,2002.26
Portugal,2021,755.265,,50.485,8282.655,4250.88,,107.03,20297.705,41.4,115.61,25.75,1.515,200.43,3985.325,317.555,1172.275,238.795,1372.7,32287.51,3778.84,2242.06
Portugal,2022,1120.22,,28.27,8552.325,4682.805,,88.345,22549.745,37.86,126.205,24.735,3.03,262.005,4446.54,374.08,1264.6,206.475,1526.605,37036.85,4087.105,3260.695
Portugal,2023,1267.945,,36.34,8073.04,4157.66,,112.56,,37.35,153.95,,3.535,249.35,4524.115,383.615,1374.95,158.495,1624.3,37918.665,4133.435,3866.925
Romania,2008,,205.995,,5167.42,5167.42,,,,236.14,133.14,,,510.46,1237.97,4751.415,276.335,,786.795,21038.46,1183.205,1819.275
Romania,2009,,194.445,,5815.31,5815.31,,,,199.47,,,,505.965,1276.715,4558.19,300.465,,806.425,24819.835,1490.76,1621.895
Romania,2010,,257.695,,7131.575,7131.575,,,,202.94,161.25,,,450.59,1247.785,6179.155,295.87,,746.46,24527.755,1271.395,1934.975
Romania,2011,,252.17,,8193.585,8193.585,,,,168.28,154.215,,,391.82,1130.755,6178.215,273.775,,665.595,23771.495,944.89,1736.07
Romania,2012,,296.97,,9811.58,7684.045,,,,189.94,196.475,,,449.725,1604.445,8652.34,324.605,,774.335,28507.15,817.55,1443.145
Romania,2013,,298.985,,9835.385,7580.175,,,,168.84,155.775,,,491.445,1473.825,8829.885,374.36,,872.335,28922.25,1453.225,1235.64
Romania,2014,,247.235,,25686.13,12860.15,,,,149.745,145.725,,,439.695,3225.085,1145.215,322.105,,761.8,82610.075,2727.605,1209.535
Romania,2015,,242.215,,14855.385,7595.535,,,,146.23,148.24,,,510.555,1687.45,150.25,40.2,,874.38,54492.36,2341.225,2539.21
Romania,2016,,220.11,589.47,13735.16,7455.035,,704.045,,124.125,173.875,479.415,528.16,472.38,1555.835,152.77,49.75,,899.025,46282.54,685.45,2247.815
Romania,2017,539.735,192.975,429.675,13657.675,7275.35,121.115,2731.335,5126.465,128.65,156.29,319.62,486.965,696.025,1589.55,136.69,71.865,267.355,767.89,48321.735,1470.95,3080.1
Romania,2018,663.38,223.64,330.685,15307.48,8334.455,111.57,2200.71,5275.37,134.185,152.78,220.12,345.26,735.245,1645.885,126.645,144.735,273.895,879.985,50460.55,1049.345,4264.72
Romania,2019,616.155,181.43,325.165,14647.055,8334.21,182.435,2055.535,5699.71,128.155,177.41,322.655,274.405,784.52,1741.925,142.23,176.405,357.33,960.925,33572.54,2991.33,4071.365
Romania,2020,604.61,168.365,341.255,12937.085,7668.47,250.29,1715.83,5640.03,128.66,143.74,120.62,245.765,801.625,1934.455,115.09,160.325,441.27,961.95,31199.08,2940.635,3322.1
Romania,2021,754.91,150.78,383.485,13075.745,7560.17,234.715,2018.96,5991.04,95.995,172.395,130.675,296.035,980.08,1714.885,91.475,198.53,483,1178.605,32422.48,2844.235,3929.86
Romania,2022,1084.165,150.285,215.625,12791.32,7474.545,451.36,1977.83,6166.715,88.965,204.065,162.35,259.355,1127.89,1543.06,114.095,226.18,638.835,1354.075,29802.185,2633.255,4645.77
Romania,2023,1180.665,126.66,168.38,13815.125,7802.235,302.075,1631.52,,69.865,196.025,,234.725,1336.98,1625.99,98.515,279.96,490.06,1616.94,32034.24,3130.345,6421.02
Scotland (NUTS 2021),2008,,355.73,,12993.815,8777.555,,,,48.415,162.575,,,418.415,1510.065,40716.27,1880.575,,2448.99,59644.86,5886.87,5256.95
Scotland (NUTS 2021),2009,,312.885,,12114.855,8523.815,,,,42.805,137.08,,,450.47,1271.92,2864.375,2021.01,,2471.485,59056.22,4741.17,5045.395
Scotland (NUTS 2021),2010,,263.935,,12746.915,8996.77,,,,50.955,132.48,,,508,1302.87,2798.85,2157.86,,2665.86,54975.235,4441.065,3637.025
Scotland (NUTS 2021),2011,,276.13,,12340.35,8852.02,,,,47.38,111.575,,,602.7,1143.25,2390.935,2572.305,,3175.01,55509.665,3596.85,3405.29
Scotland (NUTS 2021),2012,,205.295,,10960.23,7975.525,,,,32.095,115.64,,,698.93,933.265,1855.825,2731.525,,3430.455,48166.44,2919.5,2766.675
Scotland (NUTS 2021),2013,,161.48,,11345.32,8320.51,,,,31.075,128.88,,,860.885,763.59,1503.235,1794.61,,4133.26,51892.405,3044.165,18105.035
Scotland (NUTS 2021),2014,,133.965,,10496.54,7725.07,,,,31.58,119.19,,,915.335,762.525,1478.695,1951.39,,4357.13,48400.635,2762.3,18714.17
Scotland (NUTS 2021),2015,,149.235,,8983.13,6647.325,,,,30.05,116.13,,,861.795,675.88,1891.67,2078.085,,4743.88,44183.745,2560.935,18017.705
Scotland (NUTS 2021),2016,,120.195,,8301.075,6129.93,,,,31.575,117.14,,,893.82,730.815,2011.735,2242.955,,5129.96,43222.725,2656.505,16567.005
Scotland (NUTS 2021),2017,,124.76,,7704.71,5547.085,,,,30.045,118.65,,,1087.725,792.37,2008.42,2518.165,,5921.375,44070.645,2558.39,16445.715
Scotland (NUTS 2021),2018,,157.85,,7015.2,4874.535,,,,30.55,136.465,,,1167.585,920.12,2061.735,2676.335,,6469.34,44080.62,2520.52,17676.245
Serbia,2008,,103.385,,7115.31,3045.29,,,,64.87,8.11,,,62.335,2068.71,801.74,140.38,,202.715,10066.34,2069.215,3065.565
Serbia,2009,,106.94,,7197.305,3102.225,,,,68.925,12.165,,,56.255,2327.81,730.83,152.55,,208.81,9038.06,1669.96,2787.49
Serbia,2010,,103.395,,7692.355,3013.69,,,,57.78,10.135,,,36.495,1834.77,705.02,193.105,,229.6,8064.885,1663.46,2824.635
Serbia,2011,,94.28,,8835.18,3510.25,,,,57.785,4.56,,,40.045,1798.465,663.525,191.605,,231.65,8885.365,1708.235,2504.57
Serbia,2012,,102.905,,8924.98,3415.685,,,,52.72,5.575,,,43.09,1921.765,670.665,157.15,,200.235,9074.02,1399.63,2420.075
Serbia,2013,,112.04,,16067.665,3445.315,,,,66.92,4.565,,,70.975,1952.82,887.185,61.34,,132.825,15656.01,1124.95,2863.325
Serbia,2014,,87.205,,13581.415,3096.225,,,,57.8,6.085,,,67.43,1638.61,763.535,78.585,,146.015,13564.175,960.76,3151.995
Serbia,2015,,69.97,,11408.635,2794.23,,,,48.675,7.1,,,57.8,1538.325,720.995,67.94,,127.265,12413.565,856.875,2893.1
Serbia,2016,,77.075,74.54,9980.07,4004.3,30.425,683.525,1138.365,53.75,4.055,6.085,,53.24,1228.115,678.96,90.26,37.525,143.5,11373.99,759.585,3559.6
Serbia,2017,,56.29,74.545,8541.625,3304.275,26.37,760.655,1036.515,40.06,5.58,18.765,0,56.29,927.49,651.625,102.435,33.975,158.725,10523.38,788.545,4263.205
Serbia,2018,,48.18,149.605,7329.715,3006.84,21.3,597.92,997.04,52.745,7.1,69.48,,62.38,809.905,3501.305,171.415,35.5,233.79,9524.62,620.74,5180.45
Serbia,2019,,69.485,111.07,6041.02,2507.5,32.46,534.06,1501.76,40.575,4.055,88.755,,58.835,632.455,3152.63,224.68,46.155,283.515,9165.755,477.765,5655.055
Serbia,2020,,62.895,91.3,4818.07,1891.42,40.575,378.385,1111.315,38.55,2.03,57.825,,47.17,429.105,2940.345,199.335,54.27,246.51,7723.92,360.63,5463.755
Serbia,2021,,62.395,98.92,4983.99,1886.055,70.005,594.02,1369.14,37.03,7.1,114.645,,58.335,409.37,2668.78,276.975,98.92,335.815,8807.84,310.455,4951.015
Serbia,2022,,71.03,73.565,4815.315,1757.99,52.26,507.865,1694.57,35.515,5.58,92.34,,54.795,363.775,2689.495,190.765,75.09,245.56,8919.32,294.265,5370.365
Serbia,2023,,72.575,56.845,4492.135,1657.59,44.665,355.78,,39.585,5.075,,,44.155,329.385,2752.33,228.39,51.77,272.545,7502.8,228.895,5148.88
Slovakia,2008,,0,,7720.485,1078.7,,,,47.875,1.53,,,77.415,698.25,1376.13,,,,17185.325,2105.96,274.005
Slovakia,2009,,0,,7840.005,1186.645,,,,42.78,3.055,,,72.32,691.615,1333.32,,,,16067.575,1924.605,312.195
Slovakia,2010,,0,,7528.625,1779.92,,,,45.325,2.035,,,59.585,605.02,1235.505,,,,21294.855,1708.11,317.79
Slovakia,2011,,0,,6561.465,1540.04,,,,48.89,2.035,,,76.39,433.39,1134.15,,,,19155.255,1371.98,388.065
Slovakia,2012,,0,,6037.18,1610.765,,,,38.195,3.565,,,44.815,496.01,1111.695,,,,17686.315,1296.555,386.52
Slovakia,2013,,39.72,,5686.69,1642.81,,,,39.72,39.72,,,46.34,425.215,1027.14,34.63,,328.46,17249,1237.965,982.835
Slovakia,2014,,36.665,,4800.53,1379,,,,36.665,42.265,,,43.795,346.28,1012.355,27.5,,347.805,15183.26,1169.705,819.355
Slovakia,2015,,24.445,,3494.285,979.745,,,,24.445,43.285,,,44.3,274.47,948.175,38.19,,328.45,12267.685,983.82,891.14
Slovakia,2016,123.74,,36.155,3187.685,898.255,82.495,53.47,1177.305,30.555,51.94,59.07,3.055,41.755,267.845,831.04,30.045,10.185,334.045,11268.915,850.895,760.255
Slovakia,2017,13.24,40.735,65.175,2912.62,837.63,123.225,85.035,1457.835,40.735,45.32,59.575,3.055,48.885,238.305,824.395,44.3,13.75,358.985,10334.195,776.02,753.615
Slovakia,2018,29.025,,34.115,2305.595,674.16,164.975,76.885,1340.685,34.115,46.845,56.52,4.585,50.41,241.865,813.17,38.7,13.75,339.625,8774.29,681.8,800.95
Slovakia,2019,36.15,,31.57,1881.395,505.1,145.625,69.25,1152.77,38.695,48.37,31.57,3.055,49.39,208.76,777.51,39.715,3.565,355.405,7533.735,530.56,877.305
Slovakia,2020,31.57,,33.605,1896.625,484.21,208.755,66.7,1010.175,32.075,26.985,39.205,20.875,46.845,165.475,647.145,30.04,1.525,315.17,7129.785,499.995,760.175
Slovakia,2021,36.66,,48.88,1653.235,387.47,150.2,94.705,973,28.005,27.495,42.26,17.82,46.845,147.145,575.86,36.66,3.565,300.91,4989.24,750.5,902.23
Slovakia,2022,22.405,,34.625,1792.895,475.085,229.14,69.76,1080.525,21.385,24.44,64.16,20.37,54.485,159.38,659.415,44.81,4.585,305.52,5711.7,661.45,771.945
Slovakia,2023,19.35,,17.315,1867.275,500.045,141.05,41.755,,31.57,23.425,,27.495,50.92,169.565,647.715,36.155,4.075,299.415,6021.92,713.915,693.035
Slovenia,2008,,9.975,,8035.795,1068.64,,,,5.775,3.675,,,120.72,202.6,112.32,43.04,,163.76,15097.95,305.475,752.665
Slovenia,2009,,19.935,,8136.575,1170.385,,,,6.82,1.05,,,149.51,252.335,115.41,47.21,,196.725,14985.78,307.415,1099.565
Slovenia,2010,,16.255,,7043.045,1344.105,,,,5.77,2.1,,,164.67,242.81,112.75,46.675,,211.34,15161.69,280.045,920.895
Slovenia,2011,,17.83,,7182.02,1303.63,,,,8.915,1.05,,,143.68,211.33,100.155,25.695,,169.375,16086.65,276.875,789.205
Slovenia,2012,,15.73,,7396.13,1424.59,,,,7.34,2.095,,,119.02,205.01,113.78,32.505,,151.53,17777.24,282.61,922.81
Slovenia,2013,,14.68,,8058.27,2000.15,,,,6.29,2.095,,,117.965,197.655,92.275,35.125,,153.09,18319.59,325.58,897.575
Slovenia,2014,,8.39,,7131.495,1924.03,,,,8.91,2.62,,,84.405,155.705,97.51,33.025,,117.43,15781.77,311.41,871.32
Slovenia,2015,,13.63,,5373.965,1634.05,,,,10.485,1.575,,,67.1,121.625,89.12,23.065,,90.165,11951.58,406.285,910.6
Slovenia,2016,143.115,13.63,104.32,5612.85,1669.125,57.665,607.575,2297.67,5.24,1.575,26.735,0.525,86.495,118.475,81.255,34.075,,120.57,11215.22,427.24,753.31
Slovenia,2017,105.89,21.49,41.935,4587.82,1522.81,98.025,509,2097.86,9.96,0.525,,0.525,82.825,124.76,79.155,34.075,,116.895,10766.595,290.41,851.305
Slovenia,2018,124.235,19.395,56.615,4401.63,1370.76,73.91,111.655,2048.015,4.72,3.145,,2.095,72.34,168.79,79.15,25.685,,98.02,9739.47,284.635,795.2
Slovenia,2019,125.245,8.91,96.945,4368.82,1320.55,70.22,114.76,2084.585,7.335,5.765,30.92,2.62,95.375,164.545,75.46,30.92,80.175,126.29,13773.025,242.1,718.965
Slovenia,2020,116.295,17.81,156.11,4338.055,1400.27,78.58,163.445,1783.73,5.76,1.57,36.145,0.525,76.485,133.585,67.055,36.145,84.865,112.63,12797.29,278.69,783.69
Slovenia,2021,87.46,11.52,97.935,2486.565,719.05,92.175,130.405,1826.695,4.715,2.095,30.9,2.095,91.125,116.265,60.225,33.515,109.455,124.645,9496.925,173.345,744.19
Slovenia,2022,112.08,14.14,100.03,2934.45,825.92,85.37,327.33,1917.37,6.81,0.525,48.705,0,114.175,112.6,59.18,37.185,98.985,151.36,11286.87,158.165,723.27
Slovenia,2023,120.955,8.38,54.98,3232.3,877.06,101.06,111.005,,6.805,1.57,,0.525,135.095,152.895,85.35,45.03,128.285,180.125,13035.485,208.925,677.565
Spain,2008,,444.47,,87328.805,47062.825,,,,203.945,118.76,,,1221.17,35788.695,36481.205,4234.75,,5455.92,84122.3,33631.98,7297.945
Spain,2009,,416.4,,81288.42,49031.81,,,,206.445,85.685,,,1027.72,32649.96,40542.49,3844.295,,4872.015,70527.7,25913.92,7187.01
Spain,2010,,383.325,,93025.18,55234.06,,,,200.93,63.635,,,790.695,42296.29,12565.47,4197.01,,4987.705,99068.155,26630.165,7210.98
Spain,2011,,409.375,,80769.205,50497.975,,,,192.91,55.62,,,758.12,43952.985,9164.595,4198.475,,4956.6,101608.765,23881.565,7626.305
Spain,2012,,381.315,,93050.325,63347.515,,,,182.39,59.125,,,641.365,48406.67,8695.03,3872.255,,4513.62,104447.615,21622.585,7269.995
Spain,2013,,331.71,,93121.925,63858.37,,,,151.325,60.63,,,650.39,43109.06,8368.37,3820.66,,4471.05,100747.215,18840.235,7163.295
Spain,2014,,363.28,,86388.9,61020.41,,,,161.845,49.605,,,620.83,35503.67,8406.035,4123.345,,4744.18,94265.805,16472.34,6719.915
Spain,2015,,358.27,,79760.435,57775.115,,,,151.325,46.6,,,615.825,32360.015,14559.275,3140.245,,3756.07,121169.435,18072.325,6047.49
Spain,2016,,407.375,38.08,78336.395,56771.485,311.17,573.23,91699.535,147.315,47.1,131.28,606.805,625.845,31543.78,8684.16,3746.55,647.89,4372.395,101261.18,19547,6237.4
Spain,2017,2225.27,410.88,36.075,71542.535,52660.435,384.325,564.71,107528.11,153.83,34.575,130.28,569.22,694.99,30947.87,9062.435,4047.18,718.04,4742.17,99967.035,18579.345,6492.925
Spain,2018,2292.905,415.39,40.085,70390.085,53697.84,446.955,488.045,144900.89,144.81,40.585,136.29,714.025,851.82,30212.115,9165.6,4966.62,705.01,5818.445,99405.155,15123.345,7081.645
Spain,2019,2744.335,417.89,27.06,65928.715,49267.74,433.925,442.94,164156.995,165.855,44.595,147.815,583.74,938.495,33007.175,10049.865,5590.885,743.08,6529.38,102603.72,14491.31,8329.71
Spain,2020,3128.095,491.035,23.55,66993.24,36266.46,381.805,381.805,180656.37,149.315,38.08,155.325,659.89,799.685,22679.315,7800.95,4768.05,665.405,5567.74,62365.02,9994.07,8574.075
Spain,2021,3747.89,518.09,69.645,63920.575,37830.145,370.28,532.62,181984.635,145.305,48.6,171.86,835.76,1073.76,26592.485,9892.825,6400.975,658.885,7474.735,72449.525,10167.405,9175.82
Spain,2022,3627.63,608.78,87.685,74512.76,43348.695,354.245,759.095,219565.425,162.845,42.09,205.935,1019.145,1435.52,31762.825,12992.3,6976.68,654.875,8412.2,103081.62,12046.845,9548.59
Spain,2023,4522.385,681.415,43.09,75823.86,42448.595,455.445,594.735,,166.845,61.125,,1023.125,2450.085,32422.79,13269.035,7129.295,860.285,9579.38,111398.185,12495.935,10538.37
Sweden,2008,,379.585,,47652.335,19141.2,,,,41.445,,,,2477.185,4503.01,2695.03,4628.36,,7105.545,220599.395,22601.975,40331.97
Sweden,2009,,399.77,,48429.61,20064.445,,,,47,,,,2755.955,4836.695,2830.25,4824.06,,7580.015,215239.465,20397.505,41446.98
Sweden,2010,,400.235,,46857.335,20498.125,,,,45.985,,,,2768.83,4658.85,2826.945,5082.84,,7851.67,203644.09,17691.9,45517.135
Sweden,2011,,425.47,,47658.85,21651.035,,,,40.93,,,,3061.675,4911.11,2872.185,5071.295,,8132.97,209718.45,17418.55,46487.035
Sweden,2012,,403.205,,44497.345,19984.545,,,,34.36,,,,3005.865,4655.075,2697.145,5166.415,,8172.28,206363.465,14615.515,49202.945
Sweden,2013,,367.81,,43173.62,20539.715,,,,43.955,,,,2846.48,4224.25,2353.88,4483.43,,7523.415,207530.26,14007.06,50106.42
Sweden,2014,,400.105,,42191.46,19185.88,,,,43.95,,,,3179.63,4225.36,2308.69,5159.445,,8542.665,201786.7,13670.28,49618.68
Sweden,2015,,423.3,,45491.465,21464.47,,,,56.575,,,,2800.44,4273.9,2346.83,4707.305,,7696.66,201873.025,13394.015,48774.305
Sweden,2016,3814.835,443.96,126.775,44979.51,21324.8,675.285,10625.275,109833.745,53.54,,995.505,,3187.53,4324.455,2504.67,5538.66,887.42,8930.24,189603.365,12719.825,47248.31
Sweden,2017,3564.305,459.045,144.935,45440.625,21917.61,1389.26,10653.025,128050.94,57.065,,1584.195,,3519.36,4367.765,2365.935,5810.055,1559.95,9531.415,181857.94,12152.38,51842.54
Sweden,2018,4457.11,438.29,222.68,39341.94,18646.95,462.02,10619.405,152093.155,54.535,,3427.03,,3824.925,4365.715,2377.765,5701.285,1157.325,9731.215,168794.57,11009.22,54879.47
Sweden,2019,4570.24,496.305,81.285,38093.76,17447.9,719.97,10409.265,148125.41,56.045,,3419.605,,4175.925,4561.66,2688.02,5625.455,1673.195,10077.555,166135.25,10123.5,58257.96
Sweden,2020,4517.825,547.755,76.735,40962.83,19811.995,1179.815,9991.315,140827.53,62.6,,4696.54,,4485.01,4448.66,2670.61,5839.5,2500.985,10674.365,157024.86,21539.06,63733.705
Sweden,2021,5838.715,501.285,201.925,36859.74,18221.885,1626.015,10743.015,130354.425,57.045,,5317.745,,4701.87,3685.67,2429.685,6378.87,3130.875,11407.86,145885.63,22738.485,60695.695
Sweden,2022,4693.985,512.86,87.33,34995.135,17374.15,1455.795,9838.235,125554.83,58.555,,7550.555,,4557.69,3272.51,2342.7,5706.58,2582.475,10570.17,150818.24,21991.405,58491.8
Sweden,2023,5731.965,670.815,135.78,35249.365,17881.855,8023.54,10490.77,,61.075,,,,4496.33,3231.425,2422.81,5418.01,9223.335,10201.04,145338.335,19649.495,58129.275
Switzerland,2008,,56.23,,28884.435,,,,,27.355,1.01,,,310.03,1464.025,4505.055,,,,61204.03,,24108.36
Switzerland,2009,,93.7,,32551.22,13219.945,,,,25.83,2.025,,,337.325,1787.915,265.4,1176.07,,1513.395,93151.97,4305.18,43427.63
Switzerland,2010,,94.7,,31521.22,12698.025,,,,26.84,0,,,274.985,1444.82,246.625,987.015,,1262,88294.16,3850.83,45159.16
Switzerland,2011,,93.17,,33000.045,14423.47,,,,23.29,2.025,,,279.505,1576.275,246.59,1146.38,,1425.89,102982.605,3817.905,46184.975
Switzerland,2012,,93.155,,37320.335,18125.53,,,,22.785,2.53,,,288.075,1824.145,302.25,1018.645,,1306.72,108941.53,3893.335,47014.695
Switzerland,2013,,76.945,,34792.475,20082.745,,,,28.855,1.52,,,289.05,1617.88,287.535,1075.715,,1364.77,99922.185,3190.195,49249.6
Switzerland,2014,,66.81,,32244.33,18573.92,,,,20.75,0.505,,,281.415,1198.04,308.24,1108.96,,1390.375,88373.035,3343.58,40990.48
Switzerland,2015,,71.355,,26603.575,15518.12,,,,28.845,2.025,,,269.23,940.785,311.74,1102.22,,1371.45,79913.97,3200.89,43586.77
Switzerland,2016,,94.625,10.12,23548.94,13179.9,,1897.01,8310.615,22.77,1.52,335.48,35.42,297.53,949.265,289.94,1089.935,318.785,1387.465,74058.31,3060.315,42133.98
Switzerland,2017,,96.635,12.65,20921.065,12183.505,,1714.625,7197.99,22.765,1.52,408.29,32.38,313.175,883.37,296.48,1586.625,380.465,1899.8,71592.33,3357.41,40512.525
Switzerland,2018,,75.38,9.105,19664.58,11851.06,,9.61,8863.25,25.295,4.045,619.72,5.565,316.69,831.69,295.95,336.42,443.67,1438.255,66548.245,3865.025,38603.71
Switzerland,2019,,81.44,6.575,18422.615,10800.44,,7.08,9662.275,23.27,2.53,896.37,28.835,343.475,946.955,322.23,316.665,751.19,1383,67099.205,4495,38321.805
Switzerland,2020,,104.195,10.115,16600.175,9309.43,785.525,10.62,10500.105,23.775,3.035,1552.835,21.245,360.64,985.825,338.895,345.47,844.195,1471.4,61365.865,4967.055,34698.56
Switzerland,2021,,93.06,30.345,15772.845,9222.15,742.465,30.345,12182.405,21.24,2.53,1820.76,10.62,382.865,878.01,329.76,364.15,794.055,1542.59,59471.095,6453.585,30794.625
Switzerland,2022,,98.615,28.825,18070.445,10512.94,963.4,28.825,13028.4,21.24,2.025,1896.96,12.645,438.46,981.605,385.865,380.305,1014.48,1591.505,70280.135,9587.47,27968.43
Switzerland,2023,,115.8,14.665,20949.48,12521.955,894.03,15.17,,26.8,3.035,,15.675,424.26,975.945,444.99,341.835,959.765,1510.95,85243.64,13704.215,27537.88
Trkiye,2009,,,,42584.46,22152.93,,,,1046.46,6358.88,,,,4355.08,,,,,87394.53,15106.595,
Trkiye,2010,,,,47209.47,23278.535,,,,884.215,6802.36,,,,4296.415,,,,,104115.79,14199.04,
Trkiye,2011,,,,50390.26,23798.235,,,,845.145,6801.215,,,,4837.555,,,,,105075.335,13751.125,
Trkiye,2012,,,,59846.485,27125.755,,,,904.21,6724.485,,,,5158.395,,,,,120123.54,15527.25,
Trkiye,2016,,,859.09,,,,2485.15,38799.21,,,496.63,3327.72,,5452.915,,2767.51,,,,26636.785,
Trkiye,2017,,,,83415.88,52675.915,,,,1162.955,,,,,6098.13,,3166.46,,,149630.74,26155.73,
Trkiye,2018,,,,61711.27,38558.155,,,,988.22,,,,,5499.795,,3765.155,,,125419.51,18365.2,
Trkiye,2019,,,,53446.095,33018.215,,,,923.625,,,,,5455.145,,4245.67,,,108409.04,14235.84,
Trkiye,2020,,,,50409.05,31708.085,,,,984.685,,,,,5624.755,,3871.15,,,99068.495,16274.045,
Trkiye,2021,,,,52764.53,33173.625,,,,987.68,,,,,6648.94,,4518.395,,,105120.57,16600.33,
Trkiye,2022,,,,61168.65,37133.3,,,,1046.735,,,,,7847.755,,4831.2,,,121166.92,,
Trkiye,2023,,,,45628.94,28224.56,,,,1082.77,,,,,7447.725,,4258.99,,,90924.495,,
